member_id,first_name,last_name,age,email,member_since,membership_status,membership_level
1,Georgianne,Rissen,74,grissen0@psu.edu,2019/10/05,Active,Silver
2,Bobine,Lismer,80,blismer1@google.com.hk,2026/06/25,Inactive,Platinum
3,Eldin,Loadman,70,eloadman2@behance.net,2010/10/15,Inactive,Platinum
4,Gage,Nore,47,gnore3@umich.edu,2017/06/24,Pending,Silver
5,Timofei,Bassick,31,tbassick4@t-online.de,2015/11/19,Pending,Platinum
6,Edik,Densell,23,edensell5@photobucket.com,2014/04/09,Active,Platinum
7,Kristi,Strippel,54,kstrippel6@mayoclinic.com,2019/02/28,Pending,Silver
8,Rustin,Meyer,55,rmeyer7@hubpages.com,2010/01/03,Inactive,Gold
9,Ariella,Baumer,71,abaumer8@mlb.com,2013/04/05,Inactive,Platinum
10,Janie,di Rocca,83,jdirocca9@usatoday.com,2013/06/27,Inactive,Silver
11,Aryn,Ridde,44,ariddea@dedecms.com,2010/07/13,Active,Platinum
12,Kearney,Entres,78,kentresb@jimdo.com,2025/12/18,Pending,Platinum
13,Clarey,Brise,22,cbrisec@prlog.org,2017/09/16,Inactive,Platinum
14,Addy,Whitlaw,69,awhitlawd@xrea.com,2025/05/20,Pending,Silver
15,Essa,Henzley,38,ehenzleye@alexa.com,2021/01/06,Inactive,Gold
16,Issiah,Cleary,36,iclearyf@go.com,2025/04/19,Pending,Gold
17,Wat,Jagg,78,wjaggg@cdbaby.com,2021/02/16,Pending,Gold
18,Etienne,Minocchi,40,eminocchih@google.pl,2023/08/17,Inactive,Platinum
19,Theresa,Crippill,21,tcrippilli@sbwire.com,2024/01/06,Inactive,Gold
20,Georgine,Bach,36,gbachj@ask.com,2022/01/26,Pending,Platinum
21,Charil,Longmead,51,clongmeadk@discovery.com,2025/06/08,Active,Silver
22,Shanan,Sapseed,31,ssapseedl@paginegialle.it,2012/04/19,Inactive,Platinum
23,Suzann,Prinnett,61,sprinnettm@symantec.com,2019/01/12,Inactive,Silver
24,Papageno,Brunning,85,pbrunningn@wordpress.org,2025/01/20,Active,Platinum
25,Romy,Kirkpatrick,83,rkirkpatricko@apache.org,2010/07/28,Active,Silver
26,Alayne,Simper,85,asimperp@house.gov,2016/05/28,Inactive,Platinum
27,Johnathon,Betke,45,jbetkeq@weather.com,2018/04/17,Inactive,Gold
28,Ethelda,Rothwell,78,erothwellr@imageshack.us,2017/09/27,Active,Silver
29,Chancey,Rex,31,crexs@csmonitor.com,2014/03/28,Inactive,Gold
30,Annnora,Eouzan,56,aeouzant@gov.uk,2023/07/07,Pending,Silver
31,Marchall,Reimer,19,mreimeru@va.gov,2013/06/07,Active,Silver
32,Liuka,Reichelt,34,lreicheltv@china.com.cn,2021/10/13,Pending,Gold
33,Mildred,Melarkey,21,mmelarkeyw@shareasale.com,2018/12/20,Pending,Platinum
34,Vittoria,Oxenford,78,voxenfordx@topsy.com,2021/08/03,Active,Silver
35,Betsey,Pughsley,36,bpughsleyy@naver.com,2011/03/03,Active,Silver
36,Ange,Dutnell,34,adutnellz@biblegateway.com,2025/12/28,Inactive,Gold
37,Joyous,Robeiro,32,jrobeiro10@earthlink.net,2018/07/12,Pending,Platinum
38,Ulysses,Pickover,31,upickover11@com.com,2014/12/16,Pending,Gold
39,Hakeem,Rosettini,74,hrosettini12@theguardian.com,2022/03/02,Pending,Silver
40,Flem,Adair,18,fadair13@list-manage.com,2026/05/16,Inactive,Silver
41,Gardener,Fotherby,77,gfotherby14@vistaprint.com,2019/02/03,Pending,Platinum
42,Cordell,Lanceter,73,clanceter15@zdnet.com,2021/01/12,Inactive,Silver
43,Yevette,Bridywater,60,ybridywater16@live.com,2016/06/21,Pending,Silver
44,Cherish,Aylin,39,caylin17@usnews.com,2017/01/23,Inactive,Gold
45,Ilka,Showler,70,ishowler18@virginia.edu,2014/08/28,Active,Gold
46,Phip,Wilks,64,pwilks19@amazonaws.com,2023/10/08,Pending,Gold
47,Langsdon,Risborough,29,lrisborough1a@prlog.org,2013/10/31,Pending,Silver
48,Bordy,Cassius,75,bcassius1b@yale.edu,2020/11/20,Inactive,Gold
49,Taber,Seamark,27,tseamark1c@multiply.com,2011/12/15,Active,Gold
50,Solomon,Robard,59,srobard1d@tinypic.com,2019/09/01,Active,Silver
51,Giuditta,Robertazzi,23,grobertazzi1e@oaic.gov.au,2024/05/22,Pending,Gold
52,Othilie,Conaghan,51,oconaghan1f@youku.com,2019/12/17,Active,Gold
53,Gerrie,Gergher,63,ggergher1g@amazon.com,2022/11/20,Pending,Gold
54,Woody,Semrad,55,wsemrad1h@patch.com,2026/02/08,Active,Platinum
55,Charla,Rolse,38,crolse1i@dailymotion.com,2014/09/26,Active,Gold
56,Cati,Brailey,82,cbrailey1j@loc.gov,2012/01/09,Inactive,Gold
57,Charlean,Robertet,75,crobertet1k@nifty.com,2025/04/29,Inactive,Silver
58,Jorry,Shalcras,24,jshalcras1l@nytimes.com,2023/12/27,Active,Platinum
59,Magda,Borgesio,85,mborgesio1m@phpbb.com,2026/06/29,Active,Silver
60,Dorene,Vaen,79,dvaen1n@qq.com,2024/05/27,Pending,Platinum
61,Jone,Hagan,67,jhagan1o@who.int,2017/09/07,Active,Silver
62,Benedicto,Rudeforth,26,brudeforth1p@is.gd,2011/03/10,Inactive,Silver
63,Doris,Vickerman,39,dvickerman1q@yolasite.com,2011/02/07,Active,Silver
64,Zabrina,Spelman,27,zspelman1r@pcworld.com,2021/07/20,Pending,Gold
65,Theodore,McGrirl,19,tmcgrirl1s@reuters.com,2023/08/07,Pending,Gold
66,Jamey,Bartholomaus,20,jbartholomaus1t@wiley.com,2022/09/10,Inactive,Platinum
67,Patricia,Morter,48,pmorter1u@paypal.com,2018/04/03,Active,Gold
68,Barty,Petricek,43,bpetricek1v@time.com,2011/11/29,Pending,Platinum
69,Genvieve,Harkness,66,gharkness1w@unblog.fr,2024/05/29,Active,Gold
70,Lauritz,Handke,29,lhandke1x@newsvine.com,2014/09/14,Inactive,Silver
71,Cooper,Cosgrive,74,ccosgrive1y@vistaprint.com,2020/07/18,Active,Platinum
72,Bianka,Lucia,80,blucia1z@amazon.com,2021/08/02,Pending,Silver
73,Sonia,Yegorkin,18,syegorkin20@dell.com,2010/07/23,Inactive,Gold
74,Roshelle,O'Nolan,62,ronolan21@ihg.com,2017/08/20,Pending,Platinum
75,Emmy,Goward,49,egoward22@dot.gov,2020/02/01,Pending,Silver
76,Margaux,Skiggs,62,mskiggs23@forbes.com,2019/12/26,Pending,Silver
77,Jannelle,Kinner,43,jkinner24@webs.com,2010/04/05,Inactive,Gold
78,Briney,Bottrell,79,bbottrell25@cafepress.com,2024/01/22,Pending,Platinum
79,Clayton,Krink,25,ckrink26@liveinternet.ru,2010/10/20,Inactive,Silver
80,Madelin,Morefield,43,mmorefield27@amazon.com,2016/07/23,Active,Gold
81,Alley,Signori,58,asignori28@cnet.com,2010/08/25,Active,Platinum
82,Maryjo,Tripet,78,mtripet29@msu.edu,2020/03/09,Pending,Gold
83,Lotte,Cowle,56,lcowle2a@npr.org,2021/07/02,Pending,Silver
84,Kristal,Schuricke,85,kschuricke2b@paginegialle.it,2016/05/09,Active,Platinum
85,Christoph,Belton,80,cbelton2c@wix.com,2015/10/16,Active,Gold
86,Nerti,Shedden,34,nshedden2d@infoseek.co.jp,2019/09/10,Pending,Platinum
87,Donella,Pidgeon,84,dpidgeon2e@ameblo.jp,2010/03/09,Inactive,Silver
88,Breena,Defew,45,bdefew2f@youtube.com,2026/04/15,Inactive,Silver
89,Nicoline,Fenelow,83,nfenelow2g@edublogs.org,2018/07/08,Active,Silver
90,Hadrian,de Quesne,29,hdequesne2h@blinklist.com,2025/02/03,Inactive,Gold
91,Lottie,Slate,32,lslate2i@abc.net.au,2015/12/07,Inactive,Gold
92,Doralynn,Castellani,20,dcastellani2j@pen.io,2012/01/22,Active,Silver
93,Weidar,Nice,77,wnice2k@nba.com,2024/09/13,Active,Silver
94,Gabby,Whipp,77,gwhipp2l@simplemachines.org,2012/07/12,Active,Platinum
95,Mayne,Iacomini,50,miacomini2m@friendfeed.com,2017/06/05,Inactive,Silver
96,Madge,Hamil,29,mhamil2n@altervista.org,2022/08/02,Pending,Platinum
97,Tiff,Pallis,57,tpallis2o@shutterfly.com,2013/10/07,Pending,Platinum
98,Catharina,Jubb,63,cjubb2p@spotify.com,2022/12/02,Pending,Gold
99,Alvera,Aspin,20,aaspin2q@addtoany.com,2024/09/23,Inactive,Platinum
100,Josiah,O'Donnell,40,jodonnell2r@amazon.co.jp,2015/05/01,Pending,Platinum
101,Colline,Vaen,81,cvaen2s@cmu.edu,2014/04/16,Pending,Gold
102,Merissa,Yeowell,38,myeowell2t@usda.gov,2010/01/03,Pending,Silver
103,Mildrid,Hartburn,30,mhartburn2u@sohu.com,2018/11/15,Active,Platinum
104,Corly,Czajkowska,80,cczajkowska2v@photobucket.com,2024/11/05,Active,Silver
105,Kimble,Huxster,37,khuxster2w@simplemachines.org,2013/01/30,Inactive,Gold
106,Stacie,Breckin,63,sbreckin2x@paypal.com,2024/12/08,Inactive,Silver
107,Jewel,Van der Linde,26,jvanderlinde2y@ftc.gov,2021/11/16,Inactive,Platinum
108,Carrie,Kenzie,52,ckenzie2z@technorati.com,2013/12/10,Pending,Gold
109,Angelico,Prawle,41,aprawle30@prnewswire.com,2010/08/28,Pending,Platinum
110,Rooney,Caro,42,rcaro31@51.la,2017/07/27,Active,Silver
111,Elva,Upward,76,eupward32@sciencedirect.com,2018/02/17,Active,Gold
112,Zola,Maidens,28,zmaidens33@bluehost.com,2025/09/15,Active,Gold
113,Duane,Beet,18,dbeet34@fda.gov,2018/05/02,Active,Silver
114,Fionna,Crimin,79,fcrimin35@ebay.co.uk,2018/06/06,Inactive,Silver
115,Tadeas,Ingre,50,tingre36@prlog.org,2026/03/13,Active,Gold
116,Delinda,Drinkwater,58,ddrinkwater37@bbb.org,2011/11/08,Inactive,Platinum
117,Carolyn,Philipart,20,cphilipart38@creativecommons.org,2021/08/21,Pending,Gold
118,Somerset,Matiasek,26,smatiasek39@tiny.cc,2015/10/23,Inactive,Platinum
119,May,Pauli,48,mpauli3a@shutterfly.com,2015/06/10,Inactive,Silver
120,Bethany,Wedge,52,bwedge3b@reuters.com,2016/02/29,Pending,Silver
121,Durward,Ewbank,42,dewbank3c@dedecms.com,2010/02/11,Pending,Gold
122,Lorelei,Casetti,58,lcasetti3d@angelfire.com,2025/08/19,Inactive,Silver
123,Perry,Duinbleton,53,pduinbleton3e@wordpress.com,2014/05/24,Active,Gold
124,Gipsy,Ludron,30,gludron3f@fema.gov,2013/01/27,Active,Silver
125,Lula,Chevalier,38,lchevalier3g@hhs.gov,2013/03/15,Pending,Platinum
126,Henri,Lamps,50,hlamps3h@jalbum.net,2011/11/15,Inactive,Silver
127,Rea,Mead,79,rmead3i@soup.io,2010/11/11,Inactive,Platinum
128,Christi,Harbor,70,charbor3j@joomla.org,2019/11/28,Active,Gold
129,Venus,Petworth,67,vpetworth3k@soundcloud.com,2024/01/27,Pending,Silver
130,Haven,Fearick,43,hfearick3l@china.com.cn,2019/02/26,Pending,Platinum
131,Stoddard,Pursehouse,73,spursehouse3m@archive.org,2016/07/04,Inactive,Silver
132,Catherine,Thome,47,cthome3n@fda.gov,2023/02/25,Inactive,Gold
133,Emmaline,Larman,45,elarman3o@blinklist.com,2021/07/22,Active,Gold
134,Arlinda,Hudleston,24,ahudleston3p@nba.com,2015/09/26,Active,Gold
135,Brandice,Shitliffe,71,bshitliffe3q@cbsnews.com,2022/08/13,Pending,Gold
136,Alejandra,Jebb,57,ajebb3r@wp.com,2024/10/14,Inactive,Platinum
137,Arlina,Filipic,33,afilipic3s@about.com,2023/05/18,Pending,Platinum
138,Zak,Puckey,53,zpuckey3t@jiathis.com,2015/05/30,Active,Silver
139,Jeane,Blaymires,20,jblaymires3u@technorati.com,2014/12/10,Active,Platinum
140,Marve,Hearty,66,mhearty3v@rediff.com,2016/09/07,Inactive,Gold
141,Marijn,Puvia,27,mpuvia3w@about.com,2014/01/27,Active,Gold
142,Crissie,Glavin,21,cglavin3x@sphinn.com,2017/07/06,Active,Platinum
143,Diahann,Grindell,68,dgrindell3y@tmall.com,2013/09/10,Active,Gold
144,Bent,Shemelt,55,bshemelt3z@pbs.org,2019/02/15,Pending,Platinum
145,Gabrila,Carmody,56,gcarmody40@hc360.com,2013/11/27,Inactive,Platinum
146,Grantham,Peplow,47,gpeplow41@cdc.gov,2011/10/08,Inactive,Platinum
147,Blake,Lippiatt,46,blippiatt42@cnbc.com,2025/05/24,Active,Platinum
148,Calvin,Danilchik,85,cdanilchik43@deviantart.com,2011/12/13,Active,Gold
149,Herta,Balham,24,hbalham44@alexa.com,2025/03/21,Active,Platinum
150,Shaine,Vosper,25,svosper45@techcrunch.com,2023/12/23,Inactive,Gold
151,Amii,Woodnutt,19,awoodnutt46@squidoo.com,2022/12/13,Pending,Platinum
152,Rania,Baselio,75,rbaselio47@cloudflare.com,2016/07/01,Pending,Gold
153,Annadiane,Symones,26,asymones48@ucla.edu,2013/11/01,Active,Gold
154,Rita,Papachristophorou,58,rpapachristophorou49@unblog.fr,2010/09/23,Pending,Gold
155,Jerrilyn,Cropper,64,jcropper4a@youtube.com,2020/03/19,Inactive,Silver
156,Dorri,Reuben,19,dreuben4b@altervista.org,2015/02/12,Pending,Silver
157,Ailene,Channing,51,achanning4c@tiny.cc,2023/09/26,Inactive,Gold
158,Nanci,Lukes,53,nlukes4d@wordpress.org,2022/10/26,Active,Platinum
159,Eldredge,Blyth,21,eblyth4e@flavors.me,2014/04/18,Pending,Gold
160,Yettie,Marsland,58,ymarsland4f@vimeo.com,2026/05/19,Inactive,Gold
161,Edgard,Kenningley,48,ekenningley4g@mashable.com,2021/11/28,Pending,Gold
162,Allsun,Rushsorth,72,arushsorth4h@w3.org,2017/09/09,Inactive,Gold
163,Michal,Garrattley,67,mgarrattley4i@chronoengine.com,2019/01/02,Inactive,Platinum
164,Archibold,Lepope,19,alepope4j@digg.com,2022/02/10,Inactive,Platinum
165,Darsie,Parzizek,82,dparzizek4k@cafepress.com,2014/01/13,Pending,Silver
166,Baldwin,Baskett,44,bbaskett4l@odnoklassniki.ru,2018/06/11,Active,Platinum
167,Anetta,Kinvig,21,akinvig4m@reference.com,2010/11/26,Inactive,Silver
168,Obediah,Delucia,43,odelucia4n@narod.ru,2021/02/03,Pending,Platinum
169,Osmund,Borwick,52,oborwick4o@irs.gov,2016/03/25,Inactive,Silver
170,Tania,Reisenberg,81,treisenberg4p@google.com.br,2014/12/20,Inactive,Platinum
171,Even,Pilmoor,33,epilmoor4q@sakura.ne.jp,2016/12/07,Active,Platinum
172,Carl,Bier,53,cbier4r@biblegateway.com,2018/11/27,Pending,Silver
173,Ansel,Avey,53,aavey4s@ftc.gov,2011/07/17,Inactive,Platinum
174,Siobhan,Maginn,46,smaginn4t@google.es,2013/01/03,Pending,Silver
175,Gordon,Fishbourn,22,gfishbourn4u@jiathis.com,2015/11/24,Active,Silver
176,Linn,Kollaschek,24,lkollaschek4v@noaa.gov,2020/07/03,Pending,Gold
177,Charlene,Gigg,31,cgigg4w@nymag.com,2021/11/04,Active,Platinum
178,Grange,Clutton,61,gclutton4x@cnn.com,2023/05/07,Inactive,Gold
179,Regine,Able,33,rable4y@wired.com,2026/06/28,Inactive,Platinum
180,Case,Michin,54,cmichin4z@microsoft.com,2022/06/06,Inactive,Platinum
181,Israel,Brangan,48,ibrangan50@deliciousdays.com,2025/09/04,Pending,Gold
182,Mord,Sired,72,msired51@apache.org,2011/07/15,Inactive,Silver
183,Tatiana,Churchill,65,tchurchill52@house.gov,2020/05/25,Pending,Gold
184,Ike,Matula,69,imatula53@themeforest.net,2021/11/03,Inactive,Platinum
185,Shawna,Cosyns,38,scosyns54@macromedia.com,2018/07/25,Inactive,Platinum
186,Anne,Karoly,59,akaroly55@istockphoto.com,2021/01/19,Active,Gold
187,Mellisent,Kittow,51,mkittow56@answers.com,2014/10/02,Pending,Silver
188,Gabie,Tomczak,71,gtomczak57@tmall.com,2010/10/10,Inactive,Gold
189,Ronnica,Lakin,42,rlakin58@mozilla.com,2010/08/05,Inactive,Gold
190,Ruthanne,Groger,45,rgroger59@reverbnation.com,2016/11/23,Pending,Gold
191,Justus,Littrick,56,jlittrick5a@bluehost.com,2018/10/29,Pending,Silver
192,Kissiah,Rouzet,32,krouzet5b@nydailynews.com,2012/07/22,Inactive,Platinum
193,Reilly,Erb,45,rerb5c@simplemachines.org,2010/11/07,Pending,Platinum
194,Robin,Aberdalgy,69,raberdalgy5d@google.co.uk,2023/09/05,Inactive,Platinum
195,Innis,Nerney,40,inerney5e@mozilla.org,2016/12/19,Pending,Gold
196,Pippo,Notman,31,pnotman5f@sbwire.com,2023/11/06,Inactive,Silver
197,Chris,Nare,21,cnare5g@wunderground.com,2020/01/23,Pending,Gold
198,Wallie,Skeete,48,wskeete5h@webnode.com,2021/02/18,Pending,Platinum
199,Mychal,Brixey,77,mbrixey5i@flavors.me,2019/11/11,Active,Gold
200,Abigael,McLeese,59,amcleese5j@usgs.gov,2019/11/22,Inactive,Gold
201,Kim,Bartels,24,kbartels5k@newsvine.com,2013/09/23,Pending,Gold
202,Christie,Shackelton,19,cshackelton5l@indiegogo.com,2016/02/27,Pending,Gold
203,Alexei,Nazareth,30,anazareth5m@posterous.com,2013/04/08,Inactive,Silver
204,Kerwin,Lockart,35,klockart5n@cmu.edu,2020/01/25,Active,Gold
205,Kahaleel,Jimes,46,kjimes5o@cbslocal.com,2018/01/03,Pending,Gold
206,Cicily,Thunnerclef,22,cthunnerclef5p@xing.com,2024/02/02,Pending,Platinum
207,Lazarus,Brigham,84,lbrigham5q@soundcloud.com,2010/11/30,Inactive,Silver
208,Bartolomeo,Linge,25,blinge5r@123-reg.co.uk,2022/06/10,Pending,Platinum
209,Mohandis,Stefi,71,mstefi5s@comsenz.com,2025/04/13,Inactive,Gold
210,Katlin,Abbys,26,kabbys5t@4shared.com,2021/05/23,Inactive,Silver
211,Yolanthe,Pedrick,80,ypedrick5u@fda.gov,2024/05/07,Pending,Gold
212,Sax,Sondon,21,ssondon5v@sciencedaily.com,2013/09/08,Inactive,Silver
213,Franklin,Noore,36,fnoore5w@java.com,2023/07/04,Pending,Platinum
214,Reagan,Feldbaum,47,rfeldbaum5x@vk.com,2015/04/21,Pending,Gold
215,Archibold,Enderle,63,aenderle5y@youtube.com,2018/06/22,Active,Gold
216,Jarret,Laidler,39,jlaidler5z@earthlink.net,2011/06/16,Inactive,Gold
217,Elva,Kinney,20,ekinney60@ameblo.jp,2026/02/21,Active,Gold
218,Merwyn,Putterill,65,mputterill61@sina.com.cn,2024/04/23,Active,Gold
219,Renell,Bollans,36,rbollans62@baidu.com,2025/08/30,Inactive,Platinum
220,Cornelia,Hubball,25,chubball63@addtoany.com,2025/01/06,Active,Silver
221,Olga,Grosier,61,ogrosier64@1und1.de,2021/10/03,Pending,Gold
222,Audy,Gehring,52,agehring65@princeton.edu,2013/11/28,Active,Platinum
223,Bonnee,Gillebride,41,bgillebride66@ehow.com,2023/02/28,Inactive,Platinum
224,Sawyere,Chattington,33,schattington67@java.com,2026/05/19,Active,Silver
225,Casey,Studholme,69,cstudholme68@prweb.com,2015/10/24,Inactive,Gold
226,Turner,Wrathmall,43,twrathmall69@over-blog.com,2018/04/26,Pending,Platinum
227,Paton,Antonowicz,79,pantonowicz6a@skype.com,2023/04/02,Inactive,Platinum
228,Johannah,Moyers,68,jmoyers6b@rediff.com,2016/08/02,Inactive,Silver
229,Clotilda,Meeus,30,cmeeus6c@webnode.com,2016/08/23,Active,Silver
230,Grady,Ashdown,32,gashdown6d@patch.com,2017/01/02,Active,Silver
231,Junia,Kilday,83,jkilday6e@google.de,2023/04/12,Active,Gold
232,Annabell,Frarey,77,afrarey6f@yahoo.co.jp,2020/05/13,Active,Gold
233,Priscella,Cradey,33,pcradey6g@123-reg.co.uk,2011/06/05,Pending,Silver
234,Erick,Khotler,50,ekhotler6h@gnu.org,2017/12/25,Inactive,Platinum
235,Florry,de Voiels,41,fdevoiels6i@creativecommons.org,2019/07/18,Pending,Gold
236,Sher,Guage,57,sguage6j@opera.com,2010/08/16,Pending,Silver
237,Dominica,Massot,41,dmassot6k@wordpress.com,2010/05/11,Pending,Silver
238,Melita,Francombe,59,mfrancombe6l@squidoo.com,2023/08/26,Active,Gold
239,Beverie,Cowterd,20,bcowterd6m@zimbio.com,2015/07/03,Inactive,Platinum
240,Jeremie,Brabbins,44,jbrabbins6n@disqus.com,2018/06/30,Pending,Silver
241,Zedekiah,Scrammage,69,zscrammage6o@youtu.be,2022/09/09,Inactive,Gold
242,Gracia,Elcum,77,gelcum6p@goodreads.com,2011/06/18,Inactive,Platinum
243,Michale,Molson,58,mmolson6q@wikimedia.org,2015/08/29,Active,Gold
244,Wolfy,Mc Corley,42,wmccorley6r@purevolume.com,2025/06/19,Pending,Gold
245,Jeff,Fevier,61,jfevier6s@angelfire.com,2014/04/16,Pending,Silver
246,Christye,Ghiriardelli,51,cghiriardelli6t@ask.com,2013/10/10,Inactive,Platinum
247,Isidor,Mathe,51,imathe6u@mail.ru,2018/09/16,Inactive,Silver
248,Wanids,Silbersak,69,wsilbersak6v@tiny.cc,2021/07/30,Inactive,Silver
249,Rosina,Mapletoft,66,rmapletoft6w@mapquest.com,2016/07/06,Active,Platinum
250,Pattin,Brendish,61,pbrendish6x@facebook.com,2014/08/17,Inactive,Gold
251,Cody,Lundbech,36,clundbech6y@jiathis.com,2015/04/09,Pending,Silver
252,Dimitry,Ortiga,82,dortiga6z@live.com,2012/12/14,Inactive,Gold
253,Berti,Birdsey,59,bbirdsey70@cpanel.net,2017/09/02,Active,Gold
254,Olympe,Duchart,63,oduchart71@furl.net,2021/06/06,Pending,Silver
255,Effie,Cottier,85,ecottier72@woothemes.com,2026/01/04,Pending,Platinum
256,Harriott,Labet,40,hlabet73@mlb.com,2025/07/23,Pending,Gold
257,Humphrey,Caldecot,22,hcaldecot74@senate.gov,2017/01/11,Pending,Silver
258,Ariela,Saer,27,asaer75@sfgate.com,2026/04/14,Inactive,Platinum
259,Darci,Meni,34,dmeni76@discovery.com,2019/08/31,Inactive,Platinum
260,Paulie,Dahmel,35,pdahmel77@squarespace.com,2025/07/27,Active,Silver
261,Chan,Kitman,33,ckitman78@boston.com,2014/08/01,Inactive,Platinum
262,Melony,Romanet,73,mromanet79@nifty.com,2026/07/04,Pending,Gold
263,Mariya,Keirle,32,mkeirle7a@dailymail.co.uk,2024/05/12,Pending,Gold
264,Othello,Snaden,26,osnaden7b@tmall.com,2024/04/14,Active,Gold
265,Taddeo,Ivanchikov,37,tivanchikov7c@dmoz.org,2015/01/23,Inactive,Platinum
266,Gerrie,Tipperton,82,gtipperton7d@blogtalkradio.com,2011/06/01,Active,Platinum
267,Corny,Goadby,23,cgoadby7e@sourceforge.net,2011/10/16,Active,Gold
268,Jane,Kyte,32,jkyte7f@unicef.org,2011/11/11,Pending,Platinum
269,Nesta,Hannam,19,nhannam7g@freewebs.com,2012/04/11,Active,Gold
270,Tedi,Giraudel,65,tgiraudel7h@engadget.com,2022/03/18,Pending,Platinum
271,Parry,Faier,79,pfaier7i@mit.edu,2025/05/10,Inactive,Gold
272,Cleve,Matias,57,cmatias7j@trellian.com,2014/12/10,Active,Gold
273,Meggie,West,42,mwest7k@mozilla.org,2017/12/04,Inactive,Silver
274,Theodoric,Marnes,56,tmarnes7l@shop-pro.jp,2020/12/24,Active,Platinum
275,Friedrick,Statter,77,fstatter7m@reddit.com,2024/09/22,Active,Platinum
276,Nels,Bille,73,nbille7n@ovh.net,2013/03/17,Active,Platinum
277,Marlane,Trenholm,40,mtrenholm7o@amazon.co.uk,2021/03/03,Pending,Silver
278,Winni,Preshous,30,wpreshous7p@redcross.org,2024/07/16,Pending,Gold
279,Saudra,Joynes,24,sjoynes7q@china.com.cn,2014/12/18,Active,Silver
280,Cassius,Sampson,36,csampson7r@histats.com,2020/07/09,Inactive,Platinum
281,Daniele,Scandred,46,dscandred7s@woothemes.com,2023/01/05,Pending,Silver
282,Kipp,Redihalgh,65,kredihalgh7t@clickbank.net,2018/08/11,Pending,Silver
283,Archibaldo,Rickcord,72,arickcord7u@cnn.com,2020/05/07,Active,Platinum
284,Bennett,Severns,57,bseverns7v@networksolutions.com,2016/03/17,Pending,Silver
285,Mirabella,Willacot,63,mwillacot7w@nbcnews.com,2016/02/16,Active,Gold
286,Auroora,Kroll,32,akroll7x@ning.com,2024/02/02,Active,Gold
287,Reeba,Hickin,23,rhickin7y@google.com,2023/10/19,Pending,Silver
288,Elisha,Waite,21,ewaite7z@amazon.co.uk,2012/10/15,Pending,Gold
289,Sonnie,Iacobo,76,siacobo80@usda.gov,2010/05/24,Inactive,Platinum
290,Noak,Garter,84,ngarter81@netlog.com,2017/03/24,Active,Gold
291,Kippie,Halse,44,khalse82@reddit.com,2020/10/16,Inactive,Platinum
292,Parker,Forrest,79,pforrest83@imageshack.us,2019/11/15,Pending,Gold
293,Chrisy,Bareford,50,cbareford84@vimeo.com,2015/08/22,Active,Platinum
294,Shea,Monk,69,smonk85@google.com,2025/04/21,Pending,Platinum
295,Findlay,Cleal,67,fcleal86@scientificamerican.com,2025/04/29,Active,Platinum
296,Jillian,Akess,41,jakess87@usa.gov,2016/07/15,Inactive,Gold
297,Roxanna,Trembath,22,rtrembath88@techcrunch.com,2018/09/27,Active,Platinum
298,George,Crosgrove,41,gcrosgrove89@about.me,2014/11/30,Active,Gold
299,Luther,Floyde,42,lfloyde8a@tamu.edu,2025/07/28,Inactive,Silver
300,Lianne,Cassley,78,lcassley8b@shareasale.com,2026/06/15,Active,Gold
301,Cherish,Tregea,80,ctregea8c@slideshare.net,2021/05/29,Pending,Gold
302,Herta,Antyukhin,35,hantyukhin8d@wordpress.com,2020/08/18,Pending,Platinum
303,Nannie,Wigglesworth,20,nwigglesworth8e@ifeng.com,2020/05/29,Pending,Platinum
304,Michaela,Lammas,19,mlammas8f@phoca.cz,2010/09/22,Inactive,Gold
305,Kaylil,Jilkes,19,kjilkes8g@blogs.com,2018/07/04,Inactive,Platinum
306,Kaleena,Clerc,32,kclerc8h@youku.com,2020/03/28,Inactive,Platinum
307,Pren,Isley,67,pisley8i@intel.com,2015/03/14,Active,Platinum
308,Amery,Fitzackerley,29,afitzackerley8j@themeforest.net,2010/07/03,Inactive,Gold
309,Grace,Jelphs,35,gjelphs8k@theatlantic.com,2015/12/02,Active,Platinum
310,Oralla,Shitliff,77,oshitliff8l@angelfire.com,2024/12/01,Inactive,Gold
311,Windy,Cheers,48,wcheers8m@devhub.com,2021/07/22,Active,Platinum
312,Harmon,Mulvey,25,hmulvey8n@google.cn,2018/11/03,Pending,Silver
313,Andria,Carlyle,35,acarlyle8o@cnn.com,2024/04/11,Pending,Platinum
314,Catherin,Gildroy,72,cgildroy8p@mlb.com,2022/09/16,Active,Silver
315,Heddi,Foakes,85,hfoakes8q@buzzfeed.com,2026/07/30,Inactive,Platinum
316,Tye,Fuentez,70,tfuentez8r@nationalgeographic.com,2012/04/14,Pending,Silver
317,Artie,Collingworth,61,acollingworth8s@behance.net,2013/07/15,Inactive,Silver
318,Zora,MacKinnon,27,zmackinnon8t@dot.gov,2026/05/16,Inactive,Silver
319,Miner,Mathews,52,mmathews8u@nasa.gov,2019/03/03,Inactive,Gold
320,Bobbe,Garey,46,bgarey8v@ocn.ne.jp,2026/03/02,Inactive,Gold
321,Perri,Cheesman,21,pcheesman8w@nymag.com,2014/12/24,Active,Gold
322,Ginni,Hallward,71,ghallward8x@ihg.com,2022/03/23,Active,Silver
323,Karalee,Stribbling,66,kstribbling8y@state.tx.us,2025/06/10,Inactive,Silver
324,Briny,Helleker,79,bhelleker8z@about.com,2022/01/20,Pending,Platinum
325,Barnabe,Harbidge,79,bharbidge90@whitehouse.gov,2026/01/31,Inactive,Silver
326,Adolph,Sancias,83,asancias91@archive.org,2015/08/16,Inactive,Silver
327,Tomaso,Bea,61,tbea92@bloglovin.com,2022/10/30,Active,Platinum
328,Ambros,Winterbottom,39,awinterbottom93@unc.edu,2013/09/01,Pending,Gold
329,Keefer,Kohlert,61,kkohlert94@desdev.cn,2019/09/04,Pending,Silver
330,Georgette,Kewzick,41,gkewzick95@mayoclinic.com,2011/05/13,Active,Platinum
331,Nollie,McIlriach,45,nmcilriach96@squidoo.com,2019/08/25,Active,Gold
332,Dorthea,Frentz,75,dfrentz97@plala.or.jp,2021/10/21,Inactive,Platinum
333,Bern,Byrd,46,bbyrd98@yelp.com,2026/02/22,Active,Gold
334,Killie,Ormiston,53,kormiston99@google.fr,2020/05/07,Inactive,Platinum
335,Lucas,Towle,81,ltowle9a@google.com.br,2011/07/21,Active,Platinum
336,Phedra,Greenwell,39,pgreenwell9b@gov.uk,2024/11/22,Active,Gold
337,Kenyon,O'Cooney,56,kocooney9c@scientificamerican.com,2019/04/13,Inactive,Platinum
338,Papageno,Hawket,72,phawket9d@xinhuanet.com,2023/11/09,Pending,Silver
339,Serena,Shout,84,sshout9e@upenn.edu,2022/11/09,Inactive,Silver
340,Josefina,Wombwell,70,jwombwell9f@gov.uk,2026/01/13,Active,Platinum
341,Nowell,Tonks,34,ntonks9g@cnbc.com,2017/04/08,Inactive,Silver
342,Pebrook,Caiger,67,pcaiger9h@google.com.br,2021/11/24,Active,Gold
343,Ennis,Durand,45,edurand9i@gov.uk,2020/10/25,Inactive,Silver
344,Sigfrid,Corpe,23,scorpe9j@de.vu,2020/06/08,Inactive,Platinum
345,Elsbeth,Peasey,21,epeasey9k@webnode.com,2018/10/01,Pending,Gold
346,Wallis,Pfaffel,79,wpfaffel9l@oakley.com,2014/04/05,Pending,Platinum
347,Nerita,Miere,50,nmiere9m@microsoft.com,2010/09/29,Inactive,Platinum
348,Allyson,Brownell,60,abrownell9n@gov.uk,2010/06/26,Active,Gold
349,Sylvester,Beamson,20,sbeamson9o@prnewswire.com,2025/12/29,Inactive,Silver
350,Dora,Reinbach,53,dreinbach9p@netvibes.com,2018/02/20,Active,Gold
351,Bartholomeus,Jaskowicz,24,bjaskowicz9q@webmd.com,2017/10/04,Active,Platinum
352,Michel,McLaine,71,mmclaine9r@wunderground.com,2021/06/15,Active,Silver
353,Gracie,Absalom,42,gabsalom9s@bloomberg.com,2013/08/19,Pending,Gold
354,Ailsun,Kendell,34,akendell9t@furl.net,2013/07/01,Pending,Gold
355,Skipper,Splevings,29,ssplevings9u@de.vu,2026/07/24,Active,Silver
356,Loleta,McNickle,76,lmcnickle9v@seattletimes.com,2025/03/08,Inactive,Platinum
357,Faun,Saltmarshe,33,fsaltmarshe9w@lulu.com,2023/09/17,Pending,Platinum
358,Franklin,Crayke,24,fcrayke9x@bbb.org,2015/11/26,Pending,Gold
359,Delora,Pedrol,55,dpedrol9y@theglobeandmail.com,2011/10/10,Inactive,Gold
360,Bern,Magor,34,bmagor9z@ovh.net,2012/09/28,Active,Gold
361,Elsworth,Saxton,72,esaxtona0@squarespace.com,2021/04/11,Pending,Silver
362,Corbet,Gilby,72,cgilbya1@nhs.uk,2011/12/25,Active,Platinum
363,Nissy,Hutcheon,29,nhutcheona2@example.com,2024/09/21,Pending,Gold
364,Edy,Crimin,19,ecrimina3@ameblo.jp,2025/05/30,Pending,Gold
365,Damara,Merredy,82,dmerredya4@msn.com,2024/07/14,Pending,Gold
366,Nathanil,Jakoubec,81,njakoubeca5@ebay.com,2023/12/02,Pending,Silver
367,Cyrill,Wilford,49,cwilforda6@dailymotion.com,2020/09/13,Active,Gold
368,Corri,Pulteneye,60,cpulteneyea7@mediafire.com,2021/12/01,Pending,Silver
369,Corenda,Larimer,59,clarimera8@privacy.gov.au,2010/06/11,Inactive,Platinum
370,Anastassia,Roughan,57,aroughana9@mysql.com,2025/05/06,Active,Platinum
371,Jessee,Zaniolo,64,jzanioloaa@globo.com,2012/02/14,Inactive,Platinum
372,Travus,Fairbairn,69,tfairbairnab@delicious.com,2013/02/11,Active,Platinum
373,Reina,Dreelan,55,rdreelanac@nydailynews.com,2018/06/15,Active,Gold
374,Vanessa,Leeman,85,vleemanad@a8.net,2019/06/07,Active,Gold
375,Dorthea,Freddi,37,dfreddiae@ovh.net,2014/07/15,Inactive,Silver
376,Fitz,Hambidge,58,fhambidgeaf@chronoengine.com,2021/03/30,Inactive,Silver
377,Joby,Tregidga,45,jtregidgaag@google.it,2026/01/28,Inactive,Gold
378,Alexei,Gillebert,31,agillebertah@geocities.jp,2016/09/13,Active,Silver
379,Danyette,Earle,35,dearleai@alexa.com,2010/11/23,Pending,Platinum
380,Loree,Massenhove,22,lmassenhoveaj@arstechnica.com,2018/12/24,Pending,Gold
381,Vern,Ozanne,82,vozanneak@yahoo.co.jp,2010/09/16,Active,Platinum
382,Brent,Ferenc,40,bferencal@google.fr,2012/02/25,Active,Platinum
383,Gar,Reneke,43,grenekeam@icq.com,2013/01/25,Inactive,Gold
384,Audry,Bolf,48,abolfan@amazon.de,2025/12/04,Inactive,Silver
385,Vinny,Wagnerin,44,vwagnerinao@tuttocitta.it,2025/06/11,Inactive,Platinum
386,Dyana,MacCosto,72,dmaccostoap@goodreads.com,2016/01/01,Active,Gold
387,Dehlia,Flippelli,40,dflippelliaq@economist.com,2022/10/27,Inactive,Gold
388,Ebonee,Bowlesworth,80,ebowlesworthar@sun.com,2011/02/13,Pending,Silver
389,Rahal,Stilgoe,73,rstilgoeas@hp.com,2016/03/22,Active,Silver
390,Diann,Coon,38,dcoonat@oaic.gov.au,2024/08/27,Inactive,Silver
391,Hillier,Kauble,58,hkaubleau@hexun.com,2019/11/26,Inactive,Gold
392,Beauregard,Ickovici,44,bickoviciav@mysql.com,2017/06/13,Inactive,Gold
393,Rogers,Readshall,82,rreadshallaw@altervista.org,2014/08/12,Inactive,Platinum
394,Phyllys,Baggs,39,pbaggsax@sourceforge.net,2011/04/17,Active,Platinum
395,Doralia,Sedger,71,dsedgeray@nps.gov,2025/01/18,Active,Gold
396,Willyt,Volker,26,wvolkeraz@discuz.net,2013/10/30,Active,Silver
397,Earl,Summerson,51,esummersonb0@google.de,2011/02/18,Active,Gold
398,Debbie,Kinghorne,46,dkinghorneb1@cloudflare.com,2019/10/12,Inactive,Gold
399,Opaline,Darnborough,79,odarnboroughb2@miibeian.gov.cn,2024/06/04,Inactive,Silver
400,Emlen,Furmagier,81,efurmagierb3@yale.edu,2022/02/12,Pending,Platinum
401,Berry,Klimecki,52,bklimeckib4@dot.gov,2021/02/25,Inactive,Silver
402,Tootsie,Rusk,61,truskb5@jiathis.com,2011/08/23,Active,Platinum
403,Christal,Senten,32,csentenb6@hugedomains.com,2014/04/01,Inactive,Platinum
404,Herbert,McKellen,38,hmckellenb7@about.com,2022/06/09,Inactive,Platinum
405,Cooper,Aveling,51,cavelingb8@bandcamp.com,2024/07/02,Inactive,Silver
406,Isaiah,Lapidus,70,ilapidusb9@cocolog-nifty.com,2011/09/01,Active,Platinum
407,Anastassia,Norfolk,37,anorfolkba@naver.com,2020/03/01,Active,Gold
408,Franni,Demaine,67,fdemainebb@aboutads.info,2024/11/19,Inactive,Silver
409,Shena,Huburn,52,shuburnbc@geocities.jp,2021/09/10,Inactive,Gold
410,Brinn,Realy,73,brealybd@clickbank.net,2025/02/13,Pending,Gold
411,Van,Scade,36,vscadebe@github.com,2018/05/10,Inactive,Gold
412,Barbabra,Order,20,borderbf@nytimes.com,2023/07/02,Pending,Silver
413,Christie,Gaffey,79,cgaffeybg@mozilla.org,2015/01/10,Inactive,Silver
414,Zebedee,Samsonsen,78,zsamsonsenbh@ehow.com,2021/10/22,Pending,Silver
415,Johnnie,Ambage,72,jambagebi@bbc.co.uk,2018/02/26,Inactive,Platinum
416,Tobye,Yannoni,27,tyannonibj@columbia.edu,2018/08/01,Inactive,Platinum
417,Larry,Sargood,70,lsargoodbk@icq.com,2018/10/28,Active,Platinum
418,Dorree,Allcott,30,dallcottbl@ted.com,2017/11/28,Inactive,Gold
419,Heall,Padmore,78,hpadmorebm@nymag.com,2025/04/10,Pending,Platinum
420,Cass,Klausewitz,77,cklausewitzbn@etsy.com,2012/12/10,Pending,Platinum
421,Ludwig,Dome,74,ldomebo@addthis.com,2021/10/18,Inactive,Platinum
422,Moyna,Murray,24,mmurraybp@infoseek.co.jp,2016/01/14,Inactive,Silver
423,Leah,Hannaford,44,lhannafordbq@feedburner.com,2017/12/29,Pending,Silver
424,Maurise,Ludford,65,mludfordbr@moonfruit.com,2014/11/03,Active,Gold
425,Selia,Fumagallo,27,sfumagallobs@ed.gov,2018/01/03,Active,Silver
426,Buddie,Kempton,20,bkemptonbt@yolasite.com,2014/04/07,Pending,Gold
427,Boony,Heaton,75,bheatonbu@pcworld.com,2019/06/27,Pending,Gold
428,Garey,Baybutt,85,gbaybuttbv@nasa.gov,2012/11/30,Inactive,Gold
429,Rickert,Kohen,77,rkohenbw@google.it,2011/11/25,Inactive,Gold
430,Saraann,Braganca,39,sbragancabx@webnode.com,2020/09/08,Inactive,Gold
431,Laurene,Kovacs,41,lkovacsby@pbs.org,2017/03/28,Inactive,Gold
432,Rob,Newberry,24,rnewberrybz@networksolutions.com,2019/08/07,Pending,Gold
433,Jayme,Duerden,21,jduerdenc0@hexun.com,2014/08/10,Pending,Platinum
434,Clara,Edelston,84,cedelstonc1@state.gov,2015/04/07,Pending,Platinum
435,Clarette,Newman,52,cnewmanc2@hud.gov,2025/11/22,Inactive,Gold
436,Alaric,Feavearyear,43,afeavearyearc3@wikispaces.com,2016/10/30,Inactive,Silver
437,Electra,MacNulty,65,emacnultyc4@trellian.com,2015/12/07,Pending,Gold
438,Hyacinthie,Ousbie,70,housbiec5@dailymail.co.uk,2013/01/17,Pending,Gold
439,Andreas,Neale,23,anealec6@goodreads.com,2013/05/06,Pending,Platinum
440,Emmett,MacGowing,33,emacgowingc7@github.io,2023/03/16,Active,Platinum
441,Berny,Kiljan,44,bkiljanc8@time.com,2016/07/10,Active,Gold
442,Odell,Paulucci,70,opauluccic9@unicef.org,2024/08/26,Pending,Silver
443,Pamella,Dibbe,71,pdibbeca@privacy.gov.au,2017/11/05,Inactive,Gold
444,Phillip,Effaunt,65,peffauntcb@dell.com,2026/06/30,Inactive,Gold
445,Marlow,Black,84,mblackcc@yellowpages.com,2025/01/27,Active,Platinum
446,Petunia,Gandey,57,pgandeycd@creativecommons.org,2012/10/11,Pending,Gold
447,Betsey,Birrane,81,bbirranece@auda.org.au,2013/12/20,Active,Platinum
448,Gale,Chidler,18,gchidlercf@miitbeian.gov.cn,2023/06/26,Pending,Silver
449,Rafferty,McDell,54,rmcdellcg@xing.com,2020/08/23,Pending,Platinum
450,Shellysheldon,Goodram,55,sgoodramch@gov.uk,2010/02/20,Inactive,Gold
451,Cindy,Nation,83,cnationci@nsw.gov.au,2012/10/25,Pending,Silver
452,Jimmie,Ungerechts,49,jungerechtscj@icio.us,2024/12/23,Inactive,Gold
453,Barbette,Moberley,52,bmoberleyck@google.ca,2024/04/08,Pending,Gold
454,Olivero,Millett,69,omillettcl@oaic.gov.au,2010/02/08,Active,Gold
455,Tony,Crooke,21,tcrookecm@wsj.com,2012/05/06,Active,Platinum
456,Cecilia,Gherardelli,85,cgherardellicn@discovery.com,2010/05/11,Active,Platinum
457,Rodolphe,Moorerud,76,rmoorerudco@ucoz.ru,2012/07/13,Active,Gold
458,Fleurette,Hakeworth,77,fhakeworthcp@prweb.com,2014/01/18,Pending,Gold
459,Paco,Barrows,63,pbarrowscq@istockphoto.com,2021/11/15,Pending,Silver
460,Emalee,Hackworth,25,ehackworthcr@goo.gl,2020/04/20,Inactive,Platinum
461,Iris,Fairholme,41,ifairholmecs@rediff.com,2019/09/02,Inactive,Silver
462,Ingelbert,McRorie,28,imcroriect@msn.com,2022/05/04,Active,Platinum
463,Herminia,Casterton,79,hcastertoncu@dailymotion.com,2019/07/02,Active,Silver
464,Rachele,Shoute,28,rshoutecv@imageshack.us,2021/11/21,Active,Silver
465,Nathanial,Gudahy,75,ngudahycw@ebay.com,2016/08/10,Pending,Platinum
466,Ripley,Bollini,72,rbollinicx@google.pl,2018/09/15,Active,Silver
467,Clay,Drinkhill,18,cdrinkhillcy@theatlantic.com,2017/11/02,Active,Silver
468,Maryrose,Mair,35,mmaircz@arstechnica.com,2010/03/24,Inactive,Silver
469,Hadleigh,Cowpe,36,hcowped0@jigsy.com,2013/11/07,Inactive,Gold
470,Leicester,Flattman,78,lflattmand1@tuttocitta.it,2021/02/23,Inactive,Gold
471,Thadeus,Matthis,19,tmatthisd2@bluehost.com,2015/04/25,Pending,Gold
472,Kathi,Dummigan,73,kdummigand3@jugem.jp,2013/05/04,Pending,Silver
473,Kamillah,Bernardoni,84,kbernardonid4@theglobeandmail.com,2012/10/10,Pending,Platinum
474,Deonne,Dozdill,24,ddozdilld5@cornell.edu,2016/08/31,Pending,Gold
475,Latrina,Longstaffe,64,llongstaffed6@wikia.com,2013/03/29,Inactive,Gold
476,Isa,Galego,43,igalegod7@paginegialle.it,2025/11/04,Active,Gold
477,Ingrim,Postgate,55,ipostgated8@aboutads.info,2020/06/18,Inactive,Silver
478,Sal,Jaffrey,25,sjaffreyd9@foxnews.com,2022/10/02,Pending,Platinum
479,Fianna,Drysdale,21,fdrysdaleda@4shared.com,2012/12/18,Inactive,Silver
480,Cosimo,Healeas,67,chealeasdb@ftc.gov,2015/11/15,Pending,Gold
481,Franny,Addeycott,84,faddeycottdc@cnet.com,2020/05/31,Pending,Platinum
482,Brooke,Jahan,35,bjahandd@mtv.com,2011/03/07,Pending,Platinum
483,Devin,Malling,62,dmallingde@webs.com,2026/05/05,Pending,Platinum
484,Hildagarde,Mallinson,40,hmallinsondf@feedburner.com,2019/10/07,Active,Platinum
485,Hedwig,Scaddon,18,hscaddondg@java.com,2019/12/04,Pending,Silver
486,Xena,Hafford,28,xhafforddh@paginegialle.it,2010/09/29,Active,Platinum
487,Wilfrid,Rosindill,27,wrosindilldi@ft.com,2017/04/08,Inactive,Gold
488,Sheela,Fruen,19,sfruendj@wordpress.com,2010/03/10,Pending,Gold
489,Bondy,Ratcliffe,63,bratcliffedk@hc360.com,2013/03/19,Active,Silver
490,Ollie,Wiggans,75,owiggansdl@ow.ly,2019/04/23,Inactive,Silver
491,Allister,Stallibrass,45,astallibrassdm@flickr.com,2019/11/13,Pending,Platinum
492,Peder,Carverhill,33,pcarverhilldn@thetimes.co.uk,2017/11/02,Active,Gold
493,Xenia,Sidon,61,xsidondo@rambler.ru,2012/07/08,Inactive,Platinum
494,Cherish,Hillatt,58,chillattdp@ed.gov,2026/04/21,Pending,Silver
495,Wilmar,Bissatt,59,wbissattdq@dmoz.org,2021/01/08,Pending,Gold
496,Manfred,Gagan,36,mgagandr@tumblr.com,2013/05/30,Inactive,Silver
497,Loren,Grinstead,35,lgrinsteadds@myspace.com,2023/03/29,Pending,Silver
498,Bekki,Pury,45,bpurydt@go.com,2014/10/12,Pending,Silver
499,Arvie,Leupoldt,69,aleupoldtdu@walmart.com,2016/04/20,Active,Platinum
500,Vic,Hazeup,84,vhazeupdv@google.es,2010/09/11,Inactive,Gold
501,Lyn,Grime,36,lgrimedw@nsw.gov.au,2013/06/26,Active,Silver
502,Lauree,Bolduc,53,lbolducdx@sitemeter.com,2014/03/23,Pending,Platinum
503,Georges,McMenemy,49,gmcmenemydy@github.com,2015/08/03,Inactive,Platinum
504,Gipsy,Gyenes,84,ggyenesdz@indiegogo.com,2020/05/04,Active,Platinum
505,Leonelle,Ledrane,20,lledranee0@w3.org,2026/08/08,Active,Gold
506,Bruno,Drewson,40,bdrewsone1@admin.ch,2019/03/21,Inactive,Silver
507,Estele,Follit,66,efollite2@gov.uk,2017/06/09,Pending,Platinum
508,Rahal,Himpson,68,rhimpsone3@hud.gov,2020/02/17,Active,Gold
509,Corie,Creenan,30,ccreenane4@engadget.com,2013/08/25,Inactive,Silver
510,Carie,Fallawe,58,cfallawee5@time.com,2017/07/09,Pending,Platinum
511,Robenia,Burtt,39,rburtte6@elegantthemes.com,2024/01/17,Pending,Gold
512,Evey,Robiot,31,erobiote7@army.mil,2013/09/21,Inactive,Platinum
513,Pren,MacLaig,50,pmaclaige8@si.edu,2013/07/30,Active,Platinum
514,Boote,Andreini,76,bandreinie9@godaddy.com,2019/02/18,Inactive,Silver
515,Stavro,Plaskett,21,splaskettea@squarespace.com,2016/02/23,Pending,Platinum
516,Thebault,Pavelin,26,tpavelineb@oakley.com,2020/05/11,Active,Platinum
517,Edin,Malshinger,67,emalshingerec@lulu.com,2023/07/09,Inactive,Gold
518,Aryn,Whittenbury,68,awhittenburyed@barnesandnoble.com,2012/07/03,Active,Gold
519,Lanna,Durman,43,ldurmanee@noaa.gov,2015/10/04,Inactive,Silver
520,Reese,La Rosa,28,rlarosaef@fastcompany.com,2019/05/02,Pending,Gold
521,Ulrica,Fipp,37,ufippeg@cnn.com,2011/01/11,Pending,Gold
522,Wilmar,Zimmerman,85,wzimmermaneh@lycos.com,2026/01/12,Pending,Platinum
523,Estrella,Minchenton,73,eminchentonei@pcworld.com,2011/02/17,Active,Gold
524,Stormi,Dommerque,27,sdommerqueej@devhub.com,2010/05/29,Active,Platinum
525,Verena,Drayn,40,vdraynek@slideshare.net,2018/04/07,Pending,Gold
526,Octavius,Demanche,64,odemancheel@sourceforge.net,2026/05/27,Pending,Platinum
527,Dunstan,Duran,75,dduranem@archive.org,2015/08/09,Inactive,Silver
528,Berkly,Strongitharm,61,bstrongitharmen@seesaa.net,2017/05/31,Inactive,Platinum
529,Agnese,Leeson,58,aleesoneo@drupal.org,2018/09/05,Active,Silver
530,Constance,Faudrie,41,cfaudrieep@huffingtonpost.com,2021/08/15,Active,Platinum
531,Jeth,Pinnere,30,jpinnereeq@cdc.gov,2023/11/02,Inactive,Platinum
532,Giustino,Brightling,74,gbrightlinger@purevolume.com,2023/09/30,Inactive,Silver
533,Marjory,Burdett,56,mburdettes@salon.com,2010/06/11,Inactive,Platinum
534,Gage,Jex,51,gjexet@freewebs.com,2020/08/25,Inactive,Gold
535,Ingra,Rivaland,39,irivalandeu@merriam-webster.com,2023/11/26,Active,Gold
536,Hailee,Le Breton,21,hlebretonev@opera.com,2021/07/18,Active,Silver
537,Abigael,Chantler,20,achantlerew@parallels.com,2023/11/05,Pending,Gold
538,Godfry,Drache,50,gdracheex@seattletimes.com,2011/01/22,Pending,Gold
539,Traci,Adamsky,29,tadamskyey@dyndns.org,2014/02/14,Active,Platinum
540,Netta,Holtum,55,nholtumez@apache.org,2011/08/22,Pending,Silver
541,Taite,Daintith,28,tdaintithf0@sfgate.com,2019/09/25,Pending,Gold
542,Franny,Garralts,66,fgarraltsf1@apache.org,2014/03/29,Pending,Platinum
543,Pepi,Brand,41,pbrandf2@reference.com,2010/06/20,Pending,Silver
544,Hieronymus,Rushmare,67,hrushmaref3@about.me,2026/08/18,Pending,Gold
545,Bobbette,Ferrarini,19,bferrarinif4@reuters.com,2010/11/17,Inactive,Silver
546,Binny,Larne,71,blarnef5@delicious.com,2025/07/27,Inactive,Platinum
547,Tann,Thoresby,46,tthoresbyf6@histats.com,2010/04/25,Inactive,Gold
548,Ody,Inchcomb,64,oinchcombf7@newyorker.com,2011/05/04,Inactive,Gold
549,Lorenzo,Bowe,30,lbowef8@nih.gov,2015/09/13,Inactive,Silver
550,Hube,Rudeyeard,48,hrudeyeardf9@icio.us,2019/12/25,Pending,Platinum
551,Minta,Stodit,37,mstoditfa@howstuffworks.com,2013/06/23,Active,Silver
552,Ximenez,Norvill,57,xnorvillfb@who.int,2013/12/13,Inactive,Gold
553,Vida,Jeanequin,32,vjeanequinfc@ycombinator.com,2025/11/25,Pending,Gold
554,Skell,Milward,54,smilwardfd@liveinternet.ru,2011/10/25,Inactive,Gold
555,Christie,Doxey,47,cdoxeyfe@free.fr,2024/10/12,Inactive,Platinum
556,Karlan,Alennikov,59,kalennikovff@liveinternet.ru,2026/07/08,Active,Platinum
557,Duffy,Stockoe,42,dstockoefg@bing.com,2013/08/08,Pending,Platinum
558,Cherye,Bus,38,cbusfh@g.co,2020/06/23,Active,Platinum
559,My,Mila,40,mmilafi@msu.edu,2014/07/17,Inactive,Gold
560,Sukey,Fairnie,18,sfairniefj@marketwatch.com,2016/01/29,Inactive,Gold
561,Baron,Fearnside,40,bfearnsidefk@google.ca,2014/03/03,Inactive,Platinum
562,Sophi,Balasini,81,sbalasinifl@gizmodo.com,2023/11/04,Active,Platinum
563,Stirling,Iacovazzi,47,siacovazzifm@technorati.com,2025/12/05,Active,Gold
564,Kirsti,Prangley,52,kprangleyfn@gov.uk,2013/10/22,Active,Platinum
565,Retha,Hucklesby,25,rhucklesbyfo@telegraph.co.uk,2016/09/06,Pending,Gold
566,Manny,Caldicot,73,mcaldicotfp@usgs.gov,2022/05/14,Inactive,Silver
567,Winnie,Clipsham,23,wclipshamfq@slideshare.net,2022/04/21,Inactive,Gold
568,Yolane,Measor,55,ymeasorfr@jigsy.com,2011/07/27,Inactive,Silver
569,Miranda,Colquite,72,mcolquitefs@globo.com,2011/02/08,Pending,Gold
570,Lia,Langmaid,37,llangmaidft@123-reg.co.uk,2021/11/28,Inactive,Platinum
571,Ephrem,Vedekhin,62,evedekhinfu@angelfire.com,2024/04/25,Active,Silver
572,Corly,Salzburg,74,csalzburgfv@google.pl,2014/09/11,Pending,Gold
573,Sayer,Blue,85,sbluefw@technorati.com,2024/06/28,Inactive,Gold
574,Annelise,Broune,19,abrounefx@furl.net,2025/06/29,Pending,Gold
575,Leona,Pitman,85,lpitmanfy@theatlantic.com,2012/05/04,Active,Silver
576,Lezley,Booty,19,lbootyfz@walmart.com,2020/04/13,Pending,Silver
577,Yasmin,Ludewig,41,yludewigg0@ning.com,2013/01/22,Pending,Platinum
578,Mauricio,Coggan,30,mcoggang1@cocolog-nifty.com,2015/07/09,Active,Silver
579,Svend,Emanuele,77,semanueleg2@ucoz.ru,2020/09/30,Pending,Gold
580,Amabelle,Farlham,20,afarlhamg3@dion.ne.jp,2012/11/12,Inactive,Gold
581,Nicolis,Louys,67,nlouysg4@taobao.com,2024/12/25,Active,Platinum
582,Kellyann,Learmont,32,klearmontg5@vkontakte.ru,2011/07/07,Inactive,Platinum
583,Heida,Zanettini,49,hzanettinig6@foxnews.com,2019/08/25,Inactive,Platinum
584,Lazaro,Titcumb,59,ltitcumbg7@mapy.cz,2017/02/02,Pending,Gold
585,Marty,Warrior,60,mwarriorg8@columbia.edu,2017/06/14,Active,Gold
586,Rebeka,Boothroyd,25,rboothroydg9@admin.ch,2011/10/19,Pending,Silver
587,Lavinia,Szymanowski,53,lszymanowskiga@weebly.com,2010/10/24,Inactive,Gold
588,Mycah,Corbert,64,mcorbertgb@ca.gov,2012/01/14,Active,Gold
589,Raphaela,Gregine,32,rgreginegc@webs.com,2026/04/12,Active,Gold
590,Gabriel,Sibyllina,69,gsibyllinagd@nytimes.com,2012/07/16,Pending,Platinum
591,Drucy,Elsey,71,delseyge@privacy.gov.au,2017/09/26,Inactive,Silver
592,Prentiss,Inchbald,22,pinchbaldgf@github.com,2025/03/21,Pending,Silver
593,Atlanta,Profit,63,aprofitgg@redcross.org,2019/09/24,Pending,Platinum
594,Moyra,Wornum,73,mwornumgh@purevolume.com,2011/03/14,Pending,Silver
595,Susi,Nerney,18,snerneygi@privacy.gov.au,2018/07/26,Pending,Platinum
596,Darn,Wagstaffe,44,dwagstaffegj@seattletimes.com,2022/06/15,Inactive,Gold
597,Caspar,Bannell,35,cbannellgk@xrea.com,2021/09/19,Active,Platinum
598,Siouxie,Galtone,40,sgaltonegl@cpanel.net,2013/10/11,Pending,Gold
599,Linet,De Hailes,70,ldehailesgm@army.mil,2020/07/23,Inactive,Silver
600,Donetta,Bleesing,46,dbleesinggn@yandex.ru,2014/10/17,Inactive,Gold
601,Elle,Schlagh,49,eschlaghgo@bravesites.com,2016/06/27,Active,Silver
602,Elvira,Josovitz,57,ejosovitzgp@multiply.com,2016/04/07,Pending,Platinum
603,Derby,Akred,50,dakredgq@jigsy.com,2012/04/06,Pending,Gold
604,Brianna,Camacke,65,bcamackegr@earthlink.net,2020/11/01,Active,Silver
605,Sibeal,Clerc,59,sclercgs@woothemes.com,2015/11/24,Active,Gold
606,Zorina,Prate,67,zprategt@msu.edu,2017/04/19,Inactive,Silver
607,Deeanne,Renner,27,drennergu@cam.ac.uk,2020/11/24,Pending,Silver
608,Rikki,Batting,63,rbattinggv@uol.com.br,2018/07/18,Pending,Platinum
609,Sheridan,Dobbins,45,sdobbinsgw@ameblo.jp,2014/09/05,Inactive,Gold
610,Lethia,Alton,82,laltongx@aol.com,2015/04/21,Inactive,Gold
611,Alexandros,Fowlie,69,afowliegy@prweb.com,2026/05/04,Inactive,Gold
612,Kory,Grzegorzewski,82,kgrzegorzewskigz@sciencedaily.com,2022/06/04,Active,Gold
613,Lotte,Deavall,34,ldeavallh0@about.com,2017/12/31,Pending,Platinum
614,Edithe,Hexum,66,ehexumh1@aboutads.info,2016/02/27,Active,Platinum
615,Consuela,Mewett,26,cmewetth2@trellian.com,2012/01/21,Pending,Gold
616,Yetty,Assur,74,yassurh3@slideshare.net,2023/08/24,Pending,Platinum
617,Wilburt,Carville,80,wcarvilleh4@privacy.gov.au,2014/01/03,Inactive,Gold
618,Donnie,Wellings,34,dwellingsh5@cnn.com,2016/07/14,Pending,Silver
619,Noelle,Scothron,48,nscothronh6@guardian.co.uk,2018/11/08,Inactive,Platinum
620,Lusa,Overal,67,loveralh7@booking.com,2020/07/26,Inactive,Platinum
621,Vernen,Robertucci,48,vrobertuccih8@newsvine.com,2020/05/20,Pending,Platinum
622,Aksel,Frensche,74,afrenscheh9@free.fr,2020/02/18,Active,Platinum
623,Burtie,Smallshaw,39,bsmallshawha@typepad.com,2020/01/10,Inactive,Silver
624,Paquito,Lounds,83,ploundshb@go.com,2010/04/13,Pending,Silver
625,Lynnett,Skerritt,50,lskerritthc@technorati.com,2020/01/19,Active,Silver
626,Regina,Bohills,84,rbohillshd@vk.com,2010/04/11,Pending,Gold
627,Hebert,Bassil,45,hbassilhe@amazon.co.uk,2024/07/26,Active,Gold
628,Romy,Halwill,56,rhalwillhf@topsy.com,2018/04/05,Pending,Gold
629,Alyosha,Janecek,57,ajanecekhg@goodreads.com,2020/07/11,Active,Gold
630,Marten,Jacklings,59,mjacklingshh@irs.gov,2026/05/09,Inactive,Silver
631,Camey,Over,63,coverhi@tamu.edu,2023/11/05,Pending,Platinum
632,Bret,Gorgl,26,bgorglhj@fc2.com,2020/05/02,Pending,Platinum
633,Hughie,Coombs,48,hcoombshk@zdnet.com,2026/03/26,Pending,Platinum
634,Reynard,Hobble,76,rhobblehl@cbslocal.com,2019/12/16,Active,Silver
635,Katey,Tape,20,ktapehm@harvard.edu,2025/06/23,Active,Gold
636,Milty,Defrain,25,mdefrainhn@marketwatch.com,2022/08/26,Inactive,Gold
637,Kevan,Marlow,55,kmarlowho@topsy.com,2016/01/21,Inactive,Silver
638,Fay,Jaspar,21,fjasparhp@tinypic.com,2021/09/18,Inactive,Platinum
639,Ddene,Dalinder,68,ddalinderhq@buzzfeed.com,2020/01/04,Pending,Platinum
640,Ivor,Corballis,23,icorballishr@joomla.org,2011/02/21,Inactive,Silver
641,Philbert,Moyne,78,pmoynehs@arstechnica.com,2018/05/11,Pending,Silver
642,Sandro,Penvarne,57,spenvarneht@bloomberg.com,2025/10/20,Pending,Platinum
643,Ingmar,Iacomini,72,iiacominihu@lulu.com,2014/12/03,Pending,Platinum
644,Inga,Flegg,21,iflegghv@businesswire.com,2011/08/31,Inactive,Silver
645,Calv,Sheeres,27,csheereshw@cisco.com,2020/04/28,Active,Silver
646,Stepha,Lippitt,40,slippitthx@whitehouse.gov,2015/06/08,Pending,Platinum
647,Izak,Ollivier,84,iollivierhy@fotki.com,2026/02/25,Pending,Platinum
648,Johnna,Teape,37,jteapehz@wikispaces.com,2015/05/04,Active,Silver
649,Fulton,Noar,52,fnoari0@shop-pro.jp,2012/01/17,Inactive,Platinum
650,Nilson,Wakefield,65,nwakefieldi1@issuu.com,2025/12/24,Pending,Platinum
651,De,Natwick,37,dnatwicki2@163.com,2021/07/28,Pending,Gold
652,Binky,Emmett,28,bemmetti3@linkedin.com,2011/08/20,Pending,Gold
653,Rossie,Tuberfield,39,rtuberfieldi4@unc.edu,2014/03/23,Pending,Silver
654,Kathryn,Cawdery,46,kcawderyi5@cloudflare.com,2020/08/20,Active,Platinum
655,Hermie,Doddrell,34,hdoddrelli6@yahoo.com,2013/07/30,Pending,Gold
656,Alberto,Langfield,56,alangfieldi7@chicagotribune.com,2022/09/13,Inactive,Gold
657,Jerrie,Yann,63,jyanni8@stanford.edu,2020/10/28,Active,Silver
658,Johannah,Woolger,80,jwoolgeri9@woothemes.com,2018/10/27,Inactive,Silver
659,Bar,Galliford,27,bgallifordia@upenn.edu,2014/08/09,Pending,Gold
660,Roley,Kelcey,57,rkelceyib@nature.com,2022/04/10,Active,Gold
661,Christy,Clail,38,cclailic@army.mil,2016/09/06,Active,Silver
662,Skippie,Cappell,73,scappellid@wisc.edu,2017/10/20,Inactive,Platinum
663,Vidovic,Krabbe,79,vkrabbeie@mit.edu,2015/03/03,Pending,Silver
664,Cordelia,Sambals,29,csambalsif@netlog.com,2026/06/24,Inactive,Silver
665,Beck,Scotson,72,bscotsonig@reuters.com,2022/04/27,Inactive,Gold
666,Ryann,Rattray,33,rrattrayih@dot.gov,2023/10/03,Inactive,Gold
667,Ellette,Kovacs,68,ekovacsii@multiply.com,2025/06/05,Inactive,Platinum
668,Natty,Duhig,29,nduhigij@sciencedaily.com,2022/07/13,Active,Gold
669,Lorry,Loxly,32,lloxlyik@vk.com,2010/05/16,Active,Gold
670,Webb,Beacock,19,wbeacockil@oracle.com,2015/12/07,Pending,Gold
671,Rosette,Rasch,81,rraschim@cdbaby.com,2023/09/17,Inactive,Platinum
672,Fran,Salmons,28,fsalmonsin@gizmodo.com,2021/09/06,Pending,Gold
673,Sharlene,Mouth,59,smouthio@odnoklassniki.ru,2012/02/20,Pending,Silver
674,Janaya,Manz,64,jmanzip@shutterfly.com,2025/10/07,Inactive,Platinum
675,Chrysler,Parkeson,65,cparkesoniq@independent.co.uk,2020/02/29,Inactive,Silver
676,Gill,Beatens,70,gbeatensir@java.com,2018/09/03,Inactive,Gold
677,Junina,Kunze,68,jkunzeis@oracle.com,2016/08/03,Inactive,Silver
678,Murvyn,Stripp,82,mstrippit@oakley.com,2022/04/23,Active,Platinum
679,Alexandr,Hans,81,ahansiu@japanpost.jp,2017/04/14,Inactive,Silver
680,Rona,Lawee,78,rlaweeiv@phoca.cz,2021/01/22,Inactive,Silver
681,Bartholomew,Giacomo,81,bgiacomoiw@nytimes.com,2016/10/27,Pending,Platinum
682,Martguerita,Castanares,76,mcastanaresix@stanford.edu,2013/04/06,Active,Silver
683,Ashlan,Christmas,82,achristmasiy@jigsy.com,2021/11/02,Inactive,Silver
684,Rozella,Gayle,42,rgayleiz@hp.com,2016/04/25,Active,Silver
685,Loydie,Gravey,39,lgraveyj0@economist.com,2020/04/18,Active,Platinum
686,Eden,Barter,83,ebarterj1@foxnews.com,2013/10/26,Active,Platinum
687,Lynett,Salatino,76,lsalatinoj2@over-blog.com,2026/08/02,Inactive,Gold
688,Otha,Thurlbourne,22,othurlbournej3@xinhuanet.com,2024/02/11,Pending,Silver
689,Sianna,Symington,66,ssymingtonj4@slate.com,2024/03/07,Inactive,Silver
690,Zechariah,Dovidaitis,66,zdovidaitisj5@51.la,2024/08/30,Pending,Gold
691,Padraic,Arderne,36,pardernej6@mayoclinic.com,2021/05/12,Inactive,Gold
692,Liuka,Milson,38,lmilsonj7@networksolutions.com,2021/11/18,Inactive,Platinum
693,Wake,Coat,54,wcoatj8@geocities.jp,2011/03/06,Inactive,Gold
694,Darsey,Danick,51,ddanickj9@merriam-webster.com,2012/08/02,Inactive,Gold
695,Herbie,Kuhn,32,hkuhnja@skyrock.com,2017/12/07,Inactive,Platinum
696,Tymothy,Yantsurev,25,tyantsurevjb@nyu.edu,2024/08/17,Active,Platinum
697,Ransell,Aumerle,50,raumerlejc@hhs.gov,2021/05/09,Active,Platinum
698,Rosalinde,Lamblot,53,rlamblotjd@psu.edu,2014/07/29,Inactive,Gold
699,Theodor,Muxworthy,65,tmuxworthyje@bloglines.com,2013/04/18,Inactive,Silver
700,Tersina,Pedgrift,61,tpedgriftjf@google.co.jp,2014/03/08,Active,Gold
701,Heywood,Hymer,77,hhymerjg@bbb.org,2020/04/13,Pending,Platinum
702,Sigismond,Vaneschi,64,svaneschijh@latimes.com,2011/10/21,Active,Platinum
703,Harcourt,Heinlein,22,hheinleinji@freewebs.com,2022/03/11,Inactive,Silver
704,Lawton,Vahl,35,lvahljj@geocities.jp,2012/06/25,Inactive,Gold
705,Bonni,McNiff,23,bmcniffjk@geocities.com,2022/06/30,Pending,Gold
706,Hendrick,De Bruijn,20,hdebruijnjl@state.gov,2022/02/15,Active,Gold
707,Darby,Tuddall,82,dtuddalljm@boston.com,2019/04/11,Pending,Platinum
708,Wynny,Lye,38,wlyejn@umn.edu,2026/01/06,Pending,Gold
709,Dedra,Boffey,58,dboffeyjo@kickstarter.com,2021/07/17,Pending,Platinum
710,Kahlil,Carvell,42,kcarvelljp@parallels.com,2014/06/29,Active,Platinum
711,Lefty,Ostrich,80,lostrichjq@sitemeter.com,2025/03/04,Pending,Silver
712,Daveta,Thormann,67,dthormannjr@live.com,2011/03/28,Pending,Gold
713,Raven,Prise,42,rprisejs@meetup.com,2019/09/10,Active,Platinum
714,Shelba,Pylkynyton,73,spylkynytonjt@google.com.br,2026/01/30,Inactive,Gold
715,Guss,Skuce,67,gskuceju@geocities.jp,2014/10/25,Active,Platinum
716,Faustina,Turbern,61,fturbernjv@sbwire.com,2012/04/25,Pending,Platinum
717,Andy,Waplington,41,awaplingtonjw@1688.com,2013/10/27,Pending,Gold
718,Ingunna,Powrie,81,ipowriejx@youtu.be,2014/03/15,Active,Gold
719,Gipsy,O'Geaney,79,gogeaneyjy@taobao.com,2018/07/26,Inactive,Silver
720,Lucian,Fernely,70,lfernelyjz@shutterfly.com,2014/02/04,Pending,Platinum
721,Pearline,Antrag,52,pantragk0@amazon.co.jp,2014/12/26,Active,Silver
722,Kingston,Oakenfall,83,koakenfallk1@wordpress.org,2011/10/25,Inactive,Silver
723,Lela,Mityashev,46,lmityashevk2@technorati.com,2021/12/05,Inactive,Platinum
724,Elwira,Scoular,81,escoulark3@facebook.com,2020/04/18,Pending,Gold
725,Phoebe,Sodo,76,psodok4@ow.ly,2017/01/17,Inactive,Silver
726,Ali,Masden,42,amasdenk5@macromedia.com,2014/06/26,Pending,Platinum
727,Vina,Stansbie,81,vstansbiek6@google.ca,2026/08/19,Inactive,Gold
728,Chelsey,Conkay,21,cconkayk7@google.com.au,2010/09/15,Pending,Gold
729,Donella,McIlroy,48,dmcilroyk8@diigo.com,2010/10/29,Pending,Platinum
730,Maris,Noli,45,mnolik9@t.co,2023/05/01,Active,Gold
731,Frederique,Drewes,23,fdreweska@bluehost.com,2014/01/03,Active,Silver
732,Neils,Silverman,35,nsilvermankb@utexas.edu,2015/09/05,Inactive,Silver
733,Jandy,Commings,38,jcommingskc@usda.gov,2021/08/08,Active,Gold
734,Lebbie,Downe,58,ldownekd@youtube.com,2014/08/29,Active,Silver
735,Klemens,Fassman,84,kfassmanke@ftc.gov,2018/01/20,Active,Silver
736,Purcell,Barrowclough,33,pbarrowcloughkf@apache.org,2018/02/27,Inactive,Gold
737,Granny,Gaddes,76,ggaddeskg@sakura.ne.jp,2016/07/04,Inactive,Gold
738,Kris,Gerran,52,kgerrankh@yale.edu,2024/02/07,Active,Silver
739,Robby,Lerhinan,82,rlerhinanki@istockphoto.com,2022/02/18,Active,Gold
740,Babbie,Whittenbury,66,bwhittenburykj@symantec.com,2017/09/19,Inactive,Gold
741,Maxwell,Kilgallen,77,mkilgallenkk@pagesperso-orange.fr,2016/05/22,Pending,Silver
742,Winni,Fallows,24,wfallowskl@quantcast.com,2024/12/15,Active,Gold
743,Reg,Kapelhof,59,rkapelhofkm@naver.com,2020/06/18,Active,Platinum
744,Immanuel,Sarjeant,61,isarjeantkn@e-recht24.de,2023/07/26,Pending,Platinum
745,Cortney,Dalziell,66,cdalziellko@msn.com,2023/01/24,Pending,Silver
746,Rene,Cuffley,67,rcuffleykp@goo.gl,2014/01/21,Active,Platinum
747,Maxine,Custed,53,mcustedkq@hostgator.com,2023/02/02,Pending,Silver
748,Rachael,Brugden,25,rbrugdenkr@un.org,2023/11/30,Inactive,Gold
749,Dorie,De Blasiis,47,ddeblasiisks@vkontakte.ru,2012/05/24,Pending,Gold
750,Anette,Perch,29,aperchkt@indiegogo.com,2017/11/27,Inactive,Silver
751,Tiertza,Caress,81,tcaressku@elpais.com,2014/06/22,Active,Silver
752,Hyacinthe,Olivelli,72,holivellikv@trellian.com,2022/08/31,Inactive,Platinum
753,Frederico,Pfeiffer,56,fpfeifferkw@about.me,2015/06/18,Active,Gold
754,Keelia,Andrin,58,kandrinkx@dmoz.org,2018/03/24,Pending,Platinum
755,Garold,Jeffryes,75,gjeffryesky@epa.gov,2017/05/24,Active,Platinum
756,Erny,McCahey,41,emccaheykz@deliciousdays.com,2025/07/27,Inactive,Silver
757,Hamil,Campe,19,hcampel0@deliciousdays.com,2024/05/19,Active,Platinum
758,Job,Anning,20,janningl1@uol.com.br,2014/02/05,Inactive,Silver
759,Gaynor,Bellay,38,gbellayl2@cdbaby.com,2017/12/05,Pending,Platinum
760,Dov,Jennings,44,djenningsl3@parallels.com,2021/03/12,Active,Gold
761,Allyce,Stairmand,49,astairmandl4@google.fr,2025/08/20,Pending,Gold
762,Griff,Madill,64,gmadilll5@aboutads.info,2010/08/11,Pending,Platinum
763,Isa,Avard,52,iavardl6@tumblr.com,2013/11/08,Pending,Gold
764,Vivia,Harbert,65,vharbertl7@arstechnica.com,2022/10/06,Active,Silver
765,Jeannie,Doulton,41,jdoultonl8@163.com,2011/11/22,Inactive,Gold
766,Dewitt,Wyrill,36,dwyrilll9@mit.edu,2016/04/18,Active,Silver
767,Naoma,Bahl,68,nbahlla@google.pl,2013/02/10,Pending,Platinum
768,Derron,Hitzke,68,dhitzkelb@tmall.com,2018/04/16,Pending,Silver
769,Menard,Jepp,37,mjepplc@twitpic.com,2021/10/13,Pending,Platinum
770,Merline,Deevey,23,mdeeveyld@trellian.com,2014/12/18,Pending,Gold
771,Amabel,Dormon,52,adormonle@is.gd,2021/12/26,Pending,Platinum
772,Huntlee,Chrestien,55,hchrestienlf@youtu.be,2010/04/14,Active,Platinum
773,Elvina,Trim,69,etrimlg@live.com,2025/11/14,Inactive,Silver
774,Ilyse,Roser,74,iroserlh@guardian.co.uk,2014/11/06,Pending,Platinum
775,Janean,Larman,50,jlarmanli@dell.com,2015/08/22,Active,Platinum
776,Waneta,Walduck,44,wwalducklj@webmd.com,2025/12/30,Inactive,Platinum
777,Rozamond,Tackle,66,rtacklelk@github.io,2026/01/22,Active,Platinum
778,Francene,Brabbins,28,fbrabbinsll@google.co.jp,2026/05/10,Inactive,Gold
779,Margaux,Franzoli,59,mfranzolilm@sfgate.com,2025/07/24,Inactive,Gold
780,Jolie,Eade,25,jeadeln@tamu.edu,2019/01/02,Active,Gold
781,Junina,Throssell,37,jthrosselllo@gizmodo.com,2016/01/30,Inactive,Platinum
782,Yancey,Nertney,26,ynertneylp@apple.com,2020/10/15,Pending,Gold
783,Caresa,de Mendoza,43,cdemendozalq@plala.or.jp,2010/02/15,Inactive,Gold
784,Rowland,Harvey,50,rharveylr@elpais.com,2017/10/02,Inactive,Gold
785,Gaylene,Catterill,83,gcatterillls@posterous.com,2012/01/12,Pending,Platinum
786,Audra,Scaice,35,ascaicelt@xrea.com,2011/05/20,Active,Platinum
787,Michelina,Flatman,48,mflatmanlu@cnn.com,2023/05/22,Active,Gold
788,Rorie,O'Hederscoll,23,rohederscolllv@infoseek.co.jp,2016/04/17,Pending,Platinum
789,Addison,Rickard,23,arickardlw@telegraph.co.uk,2020/10/15,Pending,Platinum
790,Deloria,Whatham,51,dwhathamlx@typepad.com,2011/11/13,Active,Silver
791,Allina,Van Waadenburg,28,avanwaadenburgly@mtv.com,2011/02/23,Pending,Gold
792,Jodee,Gribbin,79,jgribbinlz@loc.gov,2020/04/24,Inactive,Platinum
793,Mahmoud,Hearons,73,mhearonsm0@mayoclinic.com,2016/09/30,Inactive,Silver
794,Ivy,Radcliffe,52,iradcliffem1@usatoday.com,2015/01/18,Inactive,Gold
795,Abagael,Phizaclea,76,aphizacleam2@usnews.com,2023/08/27,Inactive,Gold
796,Barbey,Widdall,85,bwiddallm3@cocolog-nifty.com,2023/05/19,Inactive,Platinum
797,Orelie,Attenburrow,84,oattenburrowm4@cmu.edu,2017/12/12,Active,Platinum
798,Maiga,D'Angeli,37,mdangelim5@hhs.gov,2020/03/29,Inactive,Gold
799,Ulrike,Verbruggen,50,uverbruggenm6@hibu.com,2013/05/14,Pending,Gold
800,Bobbie,Bruhnsen,33,bbruhnsenm7@goo.gl,2023/07/15,Active,Platinum
801,Barbabra,Goulborn,77,bgoulbornm8@behance.net,2023/04/01,Inactive,Platinum
802,Ree,Bridgeman,28,rbridgemanm9@va.gov,2023/12/12,Active,Silver
803,Merill,Veldens,72,mveldensma@marketwatch.com,2019/01/16,Active,Platinum
804,Lenard,Cejka,60,lcejkamb@harvard.edu,2014/09/26,Inactive,Gold
805,Farah,Tayt,78,ftaytmc@npr.org,2023/02/21,Inactive,Gold
806,Swen,Attenbarrow,55,sattenbarrowmd@amazon.de,2014/09/02,Inactive,Silver
807,Gerti,Fearneley,33,gfearneleyme@squarespace.com,2013/10/06,Pending,Silver
808,Olivero,Boog,68,oboogmf@kickstarter.com,2015/02/23,Inactive,Gold
809,Leontyne,Kidd,64,lkiddmg@census.gov,2024/12/31,Active,Gold
810,Gabriele,Learmont,58,glearmontmh@addthis.com,2016/10/02,Pending,Platinum
811,Carlynn,Hosby,71,chosbymi@so-net.ne.jp,2012/11/06,Pending,Gold
812,Zaccaria,Durnall,67,zdurnallmj@google.it,2012/03/05,Inactive,Platinum
813,Crissy,Dobrowolski,47,cdobrowolskimk@trellian.com,2015/02/27,Inactive,Gold
814,Merla,Dillicate,66,mdillicateml@stanford.edu,2016/07/14,Active,Silver
815,Wilmar,Dyton,77,wdytonmm@sbwire.com,2024/05/24,Pending,Gold
816,Eadie,Beltzner,46,ebeltznermn@sohu.com,2016/07/17,Inactive,Gold
817,Gill,Yea,71,gyeamo@google.pl,2021/03/21,Active,Silver
818,Lilia,Steart,78,lsteartmp@unc.edu,2013/01/29,Active,Platinum
819,Jeramey,Francesch,21,jfranceschmq@wikimedia.org,2025/06/11,Pending,Gold
820,Adriane,Maberley,68,amaberleymr@nih.gov,2015/01/12,Pending,Silver
821,Mahala,Grunwall,84,mgrunwallms@amazon.co.jp,2022/09/01,Inactive,Platinum
822,Cassey,Peacham,46,cpeachammt@yellowbook.com,2018/07/21,Inactive,Platinum
823,Ginger,Bride,32,gbridemu@shop-pro.jp,2017/11/02,Active,Platinum
824,Jasmin,Frounks,42,jfrounksmv@joomla.org,2022/09/26,Active,Silver
825,Morten,Greet,31,mgreetmw@artisteer.com,2010/11/23,Inactive,Silver
826,Dawna,Favel,72,dfavelmx@berkeley.edu,2021/10/18,Inactive,Platinum
827,Jandy,Prosch,45,jproschmy@4shared.com,2023/12/26,Pending,Silver
828,Alvinia,Tranter,80,atrantermz@fda.gov,2025/09/17,Inactive,Silver
829,Torrie,Voase,21,tvoasen0@etsy.com,2021/12/28,Pending,Gold
830,Gaultiero,Gilchrest,79,ggilchrestn1@amazon.co.jp,2018/06/30,Inactive,Gold
831,Abelard,Schneider,36,aschneidern2@sciencedirect.com,2022/09/13,Pending,Gold
832,Jacqueline,Koene,66,jkoenen3@acquirethisname.com,2015/06/22,Pending,Gold
833,Kingston,Rolin,56,krolinn4@indiatimes.com,2023/08/20,Active,Gold
834,Xavier,Plevey,29,xpleveyn5@sourceforge.net,2012/11/24,Active,Platinum
835,Kermit,Woodward,60,kwoodwardn6@163.com,2024/09/20,Active,Platinum
836,Alaster,Warbys,66,awarbysn7@chronoengine.com,2025/05/14,Inactive,Platinum
837,Nicolis,Wardesworth,81,nwardesworthn8@va.gov,2013/11/09,Inactive,Silver
838,Jeanne,Binnes,26,jbinnesn9@addtoany.com,2011/08/02,Pending,Gold
839,Dennis,Jinkinson,20,djinkinsonna@slashdot.org,2017/12/27,Active,Silver
840,Rubi,Bathoe,20,rbathoenb@disqus.com,2010/08/02,Inactive,Platinum
841,Ardelis,Aldwich,80,aaldwichnc@tripadvisor.com,2018/10/18,Inactive,Silver
842,Joshuah,Greville,30,jgrevillend@com.com,2013/05/28,Pending,Silver
843,Joachim,Tanby,44,jtanbyne@unc.edu,2011/04/05,Inactive,Platinum
844,Danella,Magee,77,dmageenf@sphinn.com,2019/08/07,Inactive,Gold
845,Fiann,Currier,73,fcurrierng@vistaprint.com,2018/05/07,Active,Gold
846,Nady,Renshell,48,nrenshellnh@so-net.ne.jp,2015/11/19,Pending,Platinum
847,Christel,Putson,19,cputsonni@simplemachines.org,2013/09/22,Active,Gold
848,Rebecka,Springett,51,rspringettnj@seattletimes.com,2025/03/22,Pending,Gold
849,Helga,Rodie,77,hrodienk@cafepress.com,2020/12/30,Active,Gold
850,Ivor,Bowe,64,ibowenl@miibeian.gov.cn,2021/05/21,Inactive,Gold
851,Derron,Huniwall,55,dhuniwallnm@gizmodo.com,2014/05/07,Pending,Platinum
852,Kirby,Mc Queen,19,kmcqueennn@upenn.edu,2015/08/30,Inactive,Gold
853,Hilarius,Fitzer,60,hfitzerno@bing.com,2017/11/14,Pending,Platinum
854,Evangeline,Mosconi,43,emosconinp@vinaora.com,2014/08/11,Inactive,Gold
855,Adelaida,Kiddy,58,akiddynq@creativecommons.org,2018/08/05,Active,Platinum
856,Herbert,Stidworthy,49,hstidworthynr@livejournal.com,2026/02/02,Active,Gold
857,Nilson,Waiting,80,nwaitingns@nyu.edu,2013/11/18,Pending,Platinum
858,Nanine,Fryers,52,nfryersnt@cbslocal.com,2018/02/11,Inactive,Platinum
859,Lucas,Ditter,57,lditternu@weibo.com,2018/02/04,Inactive,Gold
860,Bell,Spere,83,bsperenv@php.net,2020/08/07,Inactive,Gold
861,Maurise,Tyce,31,mtycenw@hao123.com,2015/09/06,Active,Platinum
862,Betty,Silcock,58,bsilcocknx@accuweather.com,2026/04/02,Pending,Silver
863,Benton,Gerraty,20,bgerratyny@e-recht24.de,2018/08/26,Pending,Platinum
864,Rodd,MacAlpin,45,rmacalpinnz@nyu.edu,2017/04/22,Active,Gold
865,Chloe,Fishbourne,79,cfishbourneo0@free.fr,2023/09/28,Pending,Platinum
866,Rhodia,Stilldale,57,rstilldaleo1@vimeo.com,2018/02/03,Inactive,Platinum
867,Wilek,Fereday,62,wferedayo2@nyu.edu,2025/12/18,Inactive,Gold
868,Jennine,Folger,48,jfolgero3@so-net.ne.jp,2018/03/18,Inactive,Silver
869,Worden,Nizard,52,wnizardo4@addthis.com,2010/09/04,Active,Silver
870,Kalina,Lacer,26,klacero5@friendfeed.com,2017/03/25,Inactive,Silver
871,Celka,Robertucci,57,crobertuccio6@lulu.com,2012/12/31,Active,Silver
872,Leonore,Colliber,59,lcollibero7@si.edu,2013/07/17,Active,Platinum
873,Abra,Renshell,79,arenshello8@forbes.com,2012/11/04,Active,Platinum
874,Delmor,Hebble,60,dhebbleo9@cbsnews.com,2013/01/23,Active,Silver
875,Siusan,Cornell,32,scornelloa@msu.edu,2023/10/02,Active,Silver
876,Stacy,Woodstock,80,swoodstockob@symantec.com,2010/06/02,Pending,Silver
877,Pip,Eva,63,pevaoc@psu.edu,2011/03/02,Inactive,Gold
878,Cairistiona,Camillo,55,ccamillood@vimeo.com,2022/09/02,Active,Platinum
879,Dela,Fanshaw,26,dfanshawoe@addtoany.com,2020/11/21,Pending,Platinum
880,Cleveland,Devon,43,cdevonof@biblegateway.com,2014/01/31,Inactive,Platinum
881,Patrice,Berryann,44,pberryannog@slate.com,2022/05/10,Active,Platinum
882,Patrica,Patience,61,ppatienceoh@hhs.gov,2014/09/29,Inactive,Gold
883,Conny,Dennant,33,cdennantoi@ycombinator.com,2018/05/06,Pending,Platinum
884,Jonell,Coggings,79,jcoggingsoj@washingtonpost.com,2024/03/14,Pending,Gold
885,Chan,Coopper,47,ccoopperok@marriott.com,2016/11/18,Active,Gold
886,Ewen,Richardes,75,erichardesol@thetimes.co.uk,2021/08/18,Inactive,Gold
887,Delmar,Eyam,50,deyamom@sun.com,2020/12/30,Inactive,Silver
888,Donalt,Quantick,58,dquantickon@wunderground.com,2014/06/11,Inactive,Silver
889,Dov,Tompkin,52,dtompkinoo@google.com,2022/06/10,Pending,Gold
890,Valenka,Readwin,50,vreadwinop@wired.com,2015/07/09,Pending,Platinum
891,Jaye,Farrey,42,jfarreyoq@google.it,2011/03/06,Active,Platinum
892,Madalyn,Neligan,28,mneliganor@msn.com,2016/03/22,Active,Silver
893,Jordain,Ferrillo,53,jferrilloos@cpanel.net,2020/05/31,Active,Platinum
894,Laryssa,Breitling,52,lbreitlingot@dagondesign.com,2019/07/07,Inactive,Silver
895,Vally,Huske,57,vhuskeou@ocn.ne.jp,2025/11/04,Inactive,Silver
896,Sigismond,Persent,76,spersentov@timesonline.co.uk,2017/03/03,Active,Platinum
897,Carlynne,Rowley,22,crowleyow@symantec.com,2011/05/17,Active,Platinum
898,Sonnie,Spaduzza,41,sspaduzzaox@baidu.com,2016/12/30,Pending,Gold
899,Quent,Aven,31,qavenoy@cbslocal.com,2025/01/02,Inactive,Gold
900,Cletis,Regorz,23,cregorzoz@cocolog-nifty.com,2019/04/23,Pending,Gold
901,Evered,Gorvette,80,egorvettep0@twitpic.com,2010/05/13,Active,Platinum
902,Inessa,Basham,77,ibashamp1@opera.com,2022/08/17,Active,Silver
903,Geoffrey,Cotmore,48,gcotmorep2@comsenz.com,2017/07/17,Pending,Silver
904,Gawen,Simmons,50,gsimmonsp3@netvibes.com,2015/10/05,Active,Silver
905,Cliff,Boakes,61,cboakesp4@smugmug.com,2020/06/16,Pending,Gold
906,Gaelan,Hanna,23,ghannap5@is.gd,2012/12/21,Active,Silver
907,Bell,Bunney,33,bbunneyp6@barnesandnoble.com,2010/03/10,Inactive,Gold
908,Milty,Jakab,53,mjakabp7@netvibes.com,2024/02/07,Active,Gold
909,Pierson,Treneman,46,ptrenemanp8@google.es,2022/10/10,Active,Platinum
910,Dosi,Cicero,34,dcicerop9@go.com,2019/03/18,Inactive,Platinum
911,Jemmy,Hugin,58,jhuginpa@oakley.com,2015/11/13,Active,Platinum
912,Alexandr,Maskall,58,amaskallpb@i2i.jp,2020/11/20,Pending,Gold
913,Moyra,Sodory,49,msodorypc@chronoengine.com,2019/11/12,Inactive,Platinum
914,Elnora,Mytton,73,emyttonpd@chicagotribune.com,2016/06/29,Inactive,Platinum
915,Ham,Sallan,44,hsallanpe@cdbaby.com,2019/08/23,Inactive,Platinum
916,Deonne,Wallentin,76,dwallentinpf@geocities.com,2021/09/13,Pending,Platinum
917,Nola,Pettko,26,npettkopg@studiopress.com,2017/12/16,Pending,Platinum
918,Eleanore,Edison,37,eedisonph@bbb.org,2015/01/19,Active,Gold
919,Skippie,Story,62,sstorypi@chron.com,2013/05/01,Active,Platinum
920,Andrei,Wakenshaw,29,awakenshawpj@nationalgeographic.com,2023/02/28,Inactive,Platinum
921,Blakeley,Kingsland,23,bkingslandpk@liveinternet.ru,2010/10/07,Active,Silver
922,Zachary,Whytock,82,zwhytockpl@addtoany.com,2024/10/27,Inactive,Platinum
923,Vivyanne,De Bruyne,62,vdebruynepm@cocolog-nifty.com,2015/07/21,Inactive,Silver
924,Marius,Stebbings,44,mstebbingspn@mlb.com,2023/02/22,Pending,Silver
925,Binky,Ibeson,36,bibesonpo@linkedin.com,2017/02/07,Active,Silver
926,Burnaby,Havile,18,bhavilepp@chron.com,2012/05/12,Inactive,Gold
927,Addy,Pool,69,apoolpq@ifeng.com,2023/08/15,Inactive,Gold
928,Far,Lumber,59,flumberpr@soundcloud.com,2025/07/19,Inactive,Silver
929,Dyna,Darkins,67,ddarkinsps@foxnews.com,2013/10/13,Active,Gold
930,Caron,Cowin,69,ccowinpt@t.co,2023/06/27,Pending,Gold
931,Amil,Markie,49,amarkiepu@dmoz.org,2026/04/26,Inactive,Gold
932,Sarene,Barnard,70,sbarnardpv@microsoft.com,2011/07/20,Pending,Gold
933,Moyra,Malser,32,mmalserpw@deviantart.com,2014/06/05,Active,Platinum
934,Brittni,Van Giffen,53,bvangiffenpx@mapy.cz,2014/06/05,Pending,Gold
935,Angelina,Ziem,76,aziempy@irs.gov,2022/04/06,Inactive,Platinum
936,Roma,Hamberston,57,rhamberstonpz@newyorker.com,2017/08/18,Active,Platinum
937,Babbie,Moraleda,46,bmoraledaq0@i2i.jp,2025/07/09,Pending,Silver
938,Kliment,Rainbow,69,krainbowq1@360.cn,2013/02/06,Pending,Gold
939,Jemmie,Pickworth,53,jpickworthq2@mlb.com,2018/08/12,Pending,Platinum
940,Veronika,MacFaul,72,vmacfaulq3@npr.org,2022/06/28,Pending,Platinum
941,Kimberlee,Agar,82,kagarq4@hao123.com,2015/11/17,Inactive,Platinum
942,Joyce,Velde,18,jveldeq5@springer.com,2015/09/27,Inactive,Gold
943,Gussi,Forde,71,gfordeq6@godaddy.com,2026/02/14,Inactive,Platinum
944,Hermine,Licquorish,58,hlicquorishq7@weibo.com,2019/10/03,Pending,Silver
945,Cece,Shapero,28,cshaperoq8@jugem.jp,2011/04/27,Active,Gold
946,Ellynn,English,34,eenglishq9@youku.com,2024/03/20,Inactive,Silver
947,Jakob,Doyle,36,jdoyleqa@cargocollective.com,2023/07/23,Pending,Silver
948,Anny,Bertelsen,63,abertelsenqb@wp.com,2017/02/19,Pending,Platinum
949,Fairlie,De Lisle,61,fdelisleqc@accuweather.com,2012/06/16,Pending,Gold
950,Salomo,Oakenford,64,soakenfordqd@twitpic.com,2019/01/27,Inactive,Platinum
951,Margarethe,Perigeaux,85,mperigeauxqe@ucla.edu,2015/12/01,Pending,Silver
952,Guss,Blanpein,39,gblanpeinqf@wikia.com,2022/06/02,Active,Silver
953,Courtney,Cripin,76,ccripinqg@tinypic.com,2020/12/09,Active,Silver
954,Dud,Argontt,47,dargonttqh@hubpages.com,2025/10/08,Pending,Platinum
955,Kanya,Vaneev,49,kvaneevqi@businessinsider.com,2010/02/20,Active,Platinum
956,Myrwyn,Eddolls,42,meddollsqj@simplemachines.org,2014/07/28,Inactive,Gold
957,Rudyard,Vanyatin,73,rvanyatinqk@ezinearticles.com,2025/05/08,Inactive,Silver
958,Kip,Huckfield,39,khuckfieldql@last.fm,2011/07/14,Inactive,Silver
959,Una,Corbie,41,ucorbieqm@mtv.com,2018/04/11,Active,Platinum
960,Brigham,Chapman,44,bchapmanqn@fc2.com,2025/07/18,Inactive,Silver
961,Silvano,Cudbird,84,scudbirdqo@cargocollective.com,2011/07/29,Active,Platinum
962,Netta,Larham,33,nlarhamqp@123-reg.co.uk,2025/01/31,Pending,Platinum
963,Brenn,Harse,24,bharseqq@etsy.com,2010/05/07,Active,Platinum
964,Ollie,Heijne,22,oheijneqr@elegantthemes.com,2012/11/11,Inactive,Silver
965,Katlin,Basler,71,kbaslerqs@4shared.com,2010/04/28,Active,Silver
966,Haskell,McLucas,43,hmclucasqt@chron.com,2026/04/12,Pending,Platinum
967,Tobit,Becom,59,tbecomqu@omniture.com,2015/01/16,Active,Gold
968,Kingston,Giggs,75,kgiggsqv@prnewswire.com,2011/02/14,Inactive,Silver
969,Abby,Knoble,84,aknobleqw@go.com,2021/12/30,Pending,Silver
970,Israel,Engall,30,iengallqx@blog.com,2018/05/26,Pending,Silver
971,Boy,Jakeman,37,bjakemanqy@photobucket.com,2010/02/28,Inactive,Silver
972,Ginger,Laffling,62,glafflingqz@webs.com,2020/09/22,Inactive,Platinum
973,Sasha,Babington,70,sbabingtonr0@feedburner.com,2014/03/17,Pending,Silver
974,Martha,Chipchase,51,mchipchaser1@wsj.com,2024/02/20,Active,Platinum
975,Daloris,Rodgman,33,drodgmanr2@yelp.com,2018/08/10,Inactive,Silver
976,Sandro,Baswall,85,sbaswallr3@umich.edu,2011/04/27,Inactive,Silver
977,Bryon,Hazeldene,35,bhazeldener4@mashable.com,2012/05/15,Pending,Gold
978,Yankee,Sotham,39,ysothamr5@microsoft.com,2023/03/08,Active,Gold
979,Jenny,Rous,35,jrousr6@ebay.com,2017/01/11,Pending,Platinum
980,Ashton,Gerrill,43,agerrillr7@blogger.com,2010/05/09,Pending,Platinum
981,Salomone,Asmus,63,sasmusr8@guardian.co.uk,2016/05/14,Inactive,Silver
982,Munmro,De La Cote,22,mdelacoter9@census.gov,2024/09/10,Active,Silver
983,Hedda,Repp,71,hreppra@irs.gov,2024/11/15,Active,Gold
984,Astrid,Vardey,82,avardeyrb@istockphoto.com,2018/10/25,Active,Platinum
985,Carrie,Slucock,42,cslucockrc@google.com.hk,2018/06/27,Pending,Gold
986,Gwennie,Crowcroft,54,gcrowcroftrd@foxnews.com,2024/10/25,Inactive,Gold
987,Dierdre,Naulty,55,dnaultyre@baidu.com,2015/03/07,Inactive,Silver
988,Morey,Rielly,41,mriellyrf@indiatimes.com,2016/08/07,Inactive,Gold
989,Matias,Kalberer,40,mkalbererrg@google.co.uk,2012/06/14,Active,Silver
990,Bryon,Obbard,49,bobbardrh@prnewswire.com,2026/07/23,Pending,Silver
991,Nariko,Gatchell,27,ngatchellri@pagesperso-orange.fr,2021/08/07,Pending,Platinum
992,Garrick,Shreve,29,gshreverj@berkeley.edu,2016/06/28,Active,Silver
993,Collete,Drohan,27,cdrohanrk@msn.com,2019/05/20,Inactive,Gold
994,Sonni,Herley,71,sherleyrl@pinterest.com,2022/11/21,Active,Gold
995,Dredi,Lyndon,48,dlyndonrm@chronoengine.com,2019/02/16,Inactive,Silver
996,Koressa,Hynde,37,khyndern@go.com,2020/11/28,Pending,Silver
997,Anna-diane,Brosius,46,abrosiusro@dagondesign.com,2021/11/01,Active,Platinum
998,Yank,Byrom,83,ybyromrp@microsoft.com,2026/02/10,Active,Platinum
999,Bastien,Turone,51,bturonerq@slashdot.org,2025/11/13,Inactive,Silver
1000,Fanchon,Marlor,44,fmarlorrr@goo.ne.jp,2020/09/03,Inactive,Gold